t, x , y, z , scale_x, scale_y, scale_z, stimulusOn
0.02, 2021-08-27T15:16:39.4378100+08:00, 0, 0, 0, 1, 1, 1, True
0.12, 2021-08-27T15:16:40.1187020+08:00, 0, 0, 0, 1, 1, 1, True
0.22, 2021-08-27T15:16:40.4895630+08:00, 0, 0, 0, 1, 1, 1, True
0.227867, 2021-08-27T15:16:40.4973470+08:00, 0, 0, 0, 1, 1, 1, True
0.2400211, 2021-08-27T15:16:40.5118040+08:00, 0, 0, 0, 1, 1, 1, True
0.2540858, 2021-08-27T15:16:40.5241020+08:00, 0, 0, 0, 1, 1, 1, True
0.2599534, 2021-08-27T15:16:40.5292950+08:00, 0, 0, 0, 1, 1, 1, True
0.2680855, 2021-08-27T15:16:40.5375700+08:00, 0, 0, 0, 1, 1, 1, True
0.2760772, 2021-08-27T15:16:40.5453850+08:00, 0, 0, 0, 1, 1, 1, True
0.2841353, 2021-08-27T15:16:40.5535060+08:00, 0, 0, 0, 1, 1, 1, True
0.2926924, 2021-08-27T15:16:40.5622860+08:00, 0, 0, 0, 1, 1, 1, True
0.299752, 2021-08-27T15:16:40.5691310+08:00, 0, 0, 0, 1, 1, 1, True
0.3081553, 2021-08-27T15:16:40.5775330+08:00, 0, 0, 0, 1, 1, 1, True
0.3201494, 2021-08-27T15:16:40.5951920+08:00, 0, 0, 0, 1, 1, 1, True
0.3319411, 2021-08-27T15:16:40.6014060+08:00, 0, 0, 0, 1, 1, 1, True
0.3400766, 2021-08-27T15:16:40.6095540+08:00, 0, 0, 0, 1, 1, 1, True
0.3481129, 2021-08-27T15:16:40.6174990+08:00, 0, 0, 0, 1, 1, 1, True
0.35632, 2021-08-27T15:16:40.6258330+08:00, 0, 0, 0, 1, 1, 1, True
0.364213, 2021-08-27T15:16:40.6336650+08:00, 0, 0, 0, 1, 1, 1, True
0.3725501, 2021-08-27T15:16:40.6421800+08:00, 0, 0, 0, 1, 1, 1, True
0.3797286, 2021-08-27T15:16:40.6491730+08:00, 0, 0, 0, 1, 1, 1, True
0.3879276, 2021-08-27T15:16:40.6573860+08:00, 0, 0, 0, 1, 1, 1, True
0.3963704, 2021-08-27T15:16:40.6658090+08:00, 0, 0, 0, 1, 1, 1, True
0.4040928, 2021-08-27T15:16:40.6736110+08:00, 0, 0, 0, 1, 1, 1, True
0.4127827, 2021-08-27T15:16:40.6821680+08:00, 0, 0, 0, 1, 1, 1, True
0.4198528, 2021-08-27T15:16:40.6893220+08:00, 0, 0, 0, 1, 1, 1, True
0.4286303, 2021-08-27T15:16:40.6983750+08:00, 0, 0, 0, 1, 1, 1, True
0.4357699, 2021-08-27T15:16:40.7052140+08:00, 0, 0, 0, 1, 1, 1, True
0.4436653, 2021-08-27T15:16:40.7131030+08:00, 0, 0, 0, 1, 1, 1, True
0.4518468, 2021-08-27T15:16:40.7213400+08:00, 0, 0, 0, 1, 1, 1, True
0.4600389, 2021-08-27T15:16:40.7296230+08:00, 0, 0, 0, 1, 1, 1, True
0.4676842, 2021-08-27T15:16:40.7369570+08:00, 0, 0, 0, 1, 1, 1, True
0.4713398, 2021-08-27T15:16:40.7405830+08:00, 0, 0, 0, 1, 1, 1, True
0.4755176, 2021-08-27T15:16:40.7447830+08:00, 0, 0, 0, 1, 1, 1, True
0.4794694, 2021-08-27T15:16:40.7487290+08:00, 0, 0, 0, 1, 1, 1, True
0.4835242, 2021-08-27T15:16:40.7528010+08:00, 0, 0, 0, 1, 1, 1, True
0.4873577, 2021-08-27T15:16:40.7566050+08:00, 0, 0, 0, 1, 1, 1, True
0.4914457, 2021-08-27T15:16:40.7607070+08:00, 0, 0, 0, 1, 1, 1, True
0.4952745, 2021-08-27T15:16:40.7645080+08:00, 0, 0, 0, 1, 1, 1, True
0.4995183, 2021-08-27T15:16:40.7687560+08:00, 0, 0, 0, 1, 1, 1, True
0.5034893, 2021-08-27T15:16:40.7727510+08:00, 0, 0, 0, 1, 1, 1, True
0.5073172, 2021-08-27T15:16:40.7765830+08:00, 0, 0, 0, 1, 1, 1, True
0.5112287, 2021-08-27T15:16:40.7804590+08:00, 0, 0, 0, 1, 1, 1, True
0.5155342, 2021-08-27T15:16:40.7847870+08:00, 0, 0, 0, 1, 1, 1, True
0.5194844, 2021-08-27T15:16:40.7887520+08:00, 0, 0, 0, 1, 1, 1, True
0.5236429, 2021-08-27T15:16:40.7929400+08:00, 0, 0, 0, 1, 1, 1, True
0.5283318, 2021-08-27T15:16:40.7975710+08:00, 0, 0, 0, 1, 1, 1, True
0.5323315, 2021-08-27T15:16:40.8016110+08:00, 0, 0, 0, 1, 1, 1, True
0.536625, 2021-08-27T15:16:40.8058880+08:00, 0, 0, 0, 1, 1, 1, True
0.5414057, 2021-08-27T15:16:40.8106750+08:00, 0, 0, 0, 1, 1, 1, True
0.5476429, 2021-08-27T15:16:40.8168920+08:00, 0, 0, 0, 1, 1, 1, True
0.5514262, 2021-08-27T15:16:40.8206820+08:00, 0, 0, 0, 1, 1, 1, True
0.5553507, 2021-08-27T15:16:40.8245860+08:00, 0, 0, 0, 1, 1, 1, True
0.5594573, 2021-08-27T15:16:40.8286950+08:00, 0, 0, 0, 1, 1, 1, True
0.5633245, 2021-08-27T15:16:40.8325790+08:00, 0, 0, 0, 1, 1, 1, True
0.5676193, 2021-08-27T15:16:40.8369180+08:00, 0, 0, 0, 1, 1, 1, True
0.5713114, 2021-08-27T15:16:40.8405340+08:00, 0, 0, 0, 1, 1, 1, True
0.5754203, 2021-08-27T15:16:40.8446560+08:00, 0, 0, 0, 1, 1, 1, True
0.5792537, 2021-08-27T15:16:40.8484920+08:00, 0, 0, 0, 1, 1, 1, True
0.5835, 2021-08-27T15:16:40.8527580+08:00, 0, 0, 0, 1, 1, 1, True
0.5873539, 2021-08-27T15:16:40.8565840+08:00, 0, 0, 0, 1, 1, 1, True
0.5914697, 2021-08-27T15:16:40.8607040+08:00, 0, 0, 0, 1, 1, 1, True
0.5953344, 2021-08-27T15:16:40.8645590+08:00, 0, 0, 0, 1, 1, 1, True
0.5994077, 2021-08-27T15:16:40.8686380+08:00, 0, 0, 0, 1, 1, 1, True
0.6033764, 2021-08-27T15:16:40.8726300+08:00, 0, 0, 0, 1, 1, 1, True
0.6074287, 2021-08-27T15:16:40.8766600+08:00, 0, 0, 0, 1, 1, 1, True
0.6113061, 2021-08-27T15:16:40.8805340+08:00, 0, 0, 0, 1, 1, 1, True
0.6153655, 2021-08-27T15:16:40.8845970+08:00, 0, 0, 0, 1, 1, 1, True
0.619372, 2021-08-27T15:16:40.8885960+08:00, 0, 0, 0, 1, 1, 1, True
0.6234273, 2021-08-27T15:16:40.8927090+08:00, 0, 0, 0, 1, 1, 1, True
0.6273454, 2021-08-27T15:16:40.8965910+08:00, 0, 0, 0, 1, 1, 1, True
0.6314149, 2021-08-27T15:16:40.9006750+08:00, 0, 0, 0, 1, 1, 1, True
0.6354684, 2021-08-27T15:16:40.9047250+08:00, 0, 0, 0, 1, 1, 1, True
0.639385, 2021-08-27T15:16:40.9086470+08:00, 0, 0, 0, 1, 1, 1, True
0.6434416, 2021-08-27T15:16:40.9126960+08:00, 0, 0, 0, 1, 1, 1, True
0.6474806, 2021-08-27T15:16:40.9167360+08:00, 0, 0, 0, 1, 1, 1, True
0.6512334, 2021-08-27T15:16:40.9204700+08:00, 0, 0, 0, 1, 1, 1, True
0.6553413, 2021-08-27T15:16:40.9245940+08:00, 0, 0, 0, 1, 1, 1, True
0.6592935, 2021-08-27T15:16:40.9285490+08:00, 0, 0, 0, 1, 1, 1, True
0.6634248, 2021-08-27T15:16:40.9326800+08:00, 0, 0, 0, 1, 1, 1, True
0.6674407, 2021-08-27T15:16:40.9366690+08:00, 0, 0, 0, 1, 1, 1, True
0.6714474, 2021-08-27T15:16:40.9406750+08:00, 0, 0, 0, 1, 1, 1, True
0.675444, 2021-08-27T15:16:40.9447150+08:00, 0, 0, 0, 1, 1, 1, True
0.6794297, 2021-08-27T15:16:40.9486950+08:00, 0, 0, 0, 1, 1, 1, True
0.6834055, 2021-08-27T15:16:40.9526860+08:00, 0, 0, 0, 1, 1, 1, True
0.6874198, 2021-08-27T15:16:40.9566800+08:00, 0, 0, 0, 1, 1, 1, True
0.6914797, 2021-08-27T15:16:40.9607350+08:00, 0, 0, 0, 1, 1, 1, True
0.6953933, 2021-08-27T15:16:40.9646440+08:00, 0, 0, 0, 1, 1, 1, True
0.699414, 2021-08-27T15:16:40.9687480+08:00, 0, 0, 0, 1, 1, 1, True
0.7034687, 2021-08-27T15:16:40.9728280+08:00, 0, 0, 0, 1, 1, 1, True
0.7075722, 2021-08-27T15:16:40.9768650+08:00, 0, 0, 0, 1, 1, 1, True
0.7116016, 2021-08-27T15:16:40.9808810+08:00, 0, 0, 0, 1, 1, 1, True
0.715477, 2021-08-27T15:16:40.9847210+08:00, 0, 0, 0, 1, 1, 1, True
0.7194828, 2021-08-27T15:16:40.9887180+08:00, 0, 0, 0, 1, 1, 1, True
0.7233958, 2021-08-27T15:16:40.9926640+08:00, 0, 0, 0, 1, 1, 1, True
0.7273951, 2021-08-27T15:16:40.9966180+08:00, 0, 0, 0, 1, 1, 1, True
0.7313479, 2021-08-27T15:16:41.0006060+08:00, 0, 0, 0, 1, 1, 1, True
0.7354048, 2021-08-27T15:16:41.0046600+08:00, 0, 0, 0, 1, 1, 1, True
0.7394692, 2021-08-27T15:16:41.0087220+08:00, 0, 0, 0, 1, 1, 1, True
0.7433327, 2021-08-27T15:16:41.0126210+08:00, 0, 0, 0, 1, 1, 1, True
0.7473965, 2021-08-27T15:16:41.0166550+08:00, 0, 0, 0, 1, 1, 1, True
0.7512872, 2021-08-27T15:16:41.0205360+08:00, 0, 0, 0, 1, 1, 1, True
0.7553971, 2021-08-27T15:16:41.0246470+08:00, 0, 0, 0, 1, 1, 1, True
0.7593098, 2021-08-27T15:16:41.0285500+08:00, 0, 0, 0, 1, 1, 1, True
0.763393, 2021-08-27T15:16:41.0326690+08:00, 0, 0, 0, 1, 1, 1, True
0.7673849, 2021-08-27T15:16:41.0366350+08:00, 0, 0, 0, 1, 1, 1, True
0.7713264, 2021-08-27T15:16:41.0405650+08:00, 0, 0, 0, 1, 1, 1, True
0.7754511, 2021-08-27T15:16:41.0447290+08:00, 0, 0, 0, 1, 1, 1, True
0.7793306, 2021-08-27T15:16:41.0485780+08:00, 0, 0, 0, 1, 1, 1, True
0.7833366, 2021-08-27T15:16:41.0526030+08:00, 0, 0, 0, 1, 1, 1, True
0.7874327, 2021-08-27T15:16:41.0566690+08:00, 0, 0, 0, 1, 1, 1, True
0.7914666, 2021-08-27T15:16:41.0607240+08:00, 0, 0, 0, 1, 1, 1, True
0.7952394, 2021-08-27T15:16:41.0644750+08:00, 0, 0, 0, 1, 1, 1, True
0.7994401, 2021-08-27T15:16:41.0686900+08:00, 0, 0, 0, 1, 1, 1, True
0.8033174, 2021-08-27T15:16:41.0725810+08:00, 0, 0, 0, 1, 1, 1, True
0.8073714, 2021-08-27T15:16:41.0766260+08:00, 0, 0, 0, 1, 1, 1, True
0.8113259, 2021-08-27T15:16:41.0805670+08:00, 0, 0, 0, 1, 1, 1, True
0.8153738, 2021-08-27T15:16:41.0846240+08:00, 0, 0, 0, 1, 1, 1, True
0.8193712, 2021-08-27T15:16:41.0886180+08:00, 0, 0, 0, 1, 1, 1, True
0.8234174, 2021-08-27T15:16:41.0926920+08:00, 0, 0, 0, 1, 1, 1, True
0.8274084, 2021-08-27T15:16:41.0966480+08:00, 0, 0, 0, 1, 1, 1, True
0.8313811, 2021-08-27T15:16:41.1006340+08:00, 0, 0, 0, 1, 1, 1, True
0.8353552, 2021-08-27T15:16:41.1046060+08:00, 0, 0, 0, 1, 1, 1, True
0.8394225, 2021-08-27T15:16:41.1087050+08:00, 0, 0, 0, 1, 1, 1, True
0.8433529, 2021-08-27T15:16:41.1126100+08:00, 0, 0, 0, 1, 1, 1, True
0.8474216, 2021-08-27T15:16:41.1166780+08:00, 0, 0, 0, 1, 1, 1, True
0.8513675, 2021-08-27T15:16:41.1206130+08:00, 0, 0, 0, 1, 1, 1, True
0.8553764, 2021-08-27T15:16:41.1246250+08:00, 0, 0, 0, 1, 1, 1, True
0.8593493, 2021-08-27T15:16:41.1285880+08:00, 0, 0, 0, 1, 1, 1, True
0.863358, 2021-08-27T15:16:41.1326310+08:00, 0, 0, 0, 1, 1, 1, True
0.867364, 2021-08-27T15:16:41.1366130+08:00, 0, 0, 0, 1, 1, 1, True
0.871402, 2021-08-27T15:16:41.1406630+08:00, 0, 0, 0, 1, 1, 1, True
0.8753593, 2021-08-27T15:16:41.1446220+08:00, 0, 0, 0, 1, 1, 1, True
0.8793086, 2021-08-27T15:16:41.1485540+08:00, 0, 0, 0, 1, 1, 1, True
0.8834336, 2021-08-27T15:16:41.1527160+08:00, 0, 0, 0, 1, 1, 1, True
0.8873593, 2021-08-27T15:16:41.1566180+08:00, 0, 0, 0, 1, 1, 1, True
0.8914413, 2021-08-27T15:16:41.1607050+08:00, 0, 0, 0, 1, 1, 1, True
0.8952346, 2021-08-27T15:16:41.1644690+08:00, 0, 0, 0, 1, 1, 1, True
0.8994436, 2021-08-27T15:16:41.1686990+08:00, 0, 0, 0, 1, 1, 1, True
0.9033516, 2021-08-27T15:16:41.1726550+08:00, 0, 0, 0, 1, 1, 1, True
0.9073385, 2021-08-27T15:16:41.1765940+08:00, 0, 0, 0, 1, 1, 1, True
0.9113058, 2021-08-27T15:16:41.1805650+08:00, 0, 0, 0, 1, 1, 1, True
0.9154917, 2021-08-27T15:16:41.1847370+08:00, 0, 0, 0, 1, 1, 1, True
0.9193506, 2021-08-27T15:16:41.1886120+08:00, 0, 0, 0, 1, 1, 1, True
0.9234059, 2021-08-27T15:16:41.1926910+08:00, 0, 0, 0, 1, 1, 1, True
0.9273233, 2021-08-27T15:16:41.1965750+08:00, 0, 0, 0, 1, 1, 1, True
0.9315439, 2021-08-27T15:16:41.2008010+08:00, 0, 0, 0, 1, 1, 1, True
0.9352603, 2021-08-27T15:16:41.2045290+08:00, 0, 0, 0, 1, 1, 1, True
0.939389, 2021-08-27T15:16:41.2086450+08:00, 0, 0, 0, 1, 1, 1, True
0.9433241, 2021-08-27T15:16:41.2125860+08:00, 0, 0, 0, 1, 1, 1, True
0.9474171, 2021-08-27T15:16:41.2166630+08:00, 0, 0, 0, 1, 1, 1, True
0.9513768, 2021-08-27T15:16:41.2206180+08:00, 0, 0, 0, 1, 1, 1, True
0.9554387, 2021-08-27T15:16:41.2246930+08:00, 0, 0, 0, 1, 1, 1, True
0.9592792, 2021-08-27T15:16:41.2285150+08:00, 0, 0, 0, 1, 1, 1, True
0.9633371, 2021-08-27T15:16:41.2326100+08:00, 0, 0, 0, 1, 1, 1, True
0.9674837, 2021-08-27T15:16:41.2367510+08:00, 0, 0, 0, 1, 1, 1, True
0.9713977, 2021-08-27T15:16:41.2406520+08:00, 0, 0, 0, 1, 1, 1, True
0.9753577, 2021-08-27T15:16:41.2446100+08:00, 0, 0, 0, 1, 1, 1, True
0.9794298, 2021-08-27T15:16:41.2486700+08:00, 0, 0, 0, 1, 1, 1, True
0.9833997, 2021-08-27T15:16:41.2526930+08:00, 0, 0, 0, 1, 1, 1, True
0.9873673, 2021-08-27T15:16:41.2566190+08:00, 0, 0, 0, 1, 1, 1, True
0.9952525, 2021-08-27T15:16:41.2645230+08:00, 0, 0, 0, 1, 1, 1, True
0.9993734, 2021-08-27T15:16:41.2686290+08:00, 0, 0, 0, 1, 1, 1, True
1.003358, 2021-08-27T15:16:41.2726300+08:00, 0, 0, 0, 1, 1, 1, True
1.007414, 2021-08-27T15:16:41.2766650+08:00, 0, 0, 0, 1, 1, 1, True
1.011291, 2021-08-27T15:16:41.2805370+08:00, 0, 0, 0, 1, 1, 1, True
1.015453, 2021-08-27T15:16:41.2847150+08:00, 0, 0, 0, 1, 1, 1, True
1.019323, 2021-08-27T15:16:41.2885820+08:00, 0, 0, 0, 1, 1, 1, True
1.023427, 2021-08-27T15:16:41.2927120+08:00, 0, 0, 0, 1, 1, 1, True
1.027275, 2021-08-27T15:16:41.2965280+08:00, 0, 0, 0, 1, 1, 1, True
1.031316, 2021-08-27T15:16:41.3005720+08:00, 0, 0, 0, 1, 1, 1, True
1.03537, 2021-08-27T15:16:41.3046110+08:00, 0, 0, 0, 1, 1, 1, True
1.039421, 2021-08-27T15:16:41.3086830+08:00, 0, 0, 0, 1, 1, 1, True
1.043317, 2021-08-27T15:16:41.3125750+08:00, 0, 0, 0, 1, 1, 1, True
1.047393, 2021-08-27T15:16:41.3166440+08:00, 0, 0, 0, 1, 1, 1, True
1.051364, 2021-08-27T15:16:41.3206180+08:00, 0, 0, 0, 1, 1, 1, True
1.055455, 2021-08-27T15:16:41.3247100+08:00, 0, 0, 0, 1, 1, 1, True
1.05931, 2021-08-27T15:16:41.3285530+08:00, 0, 0, 0, 1, 1, 1, True
1.063355, 2021-08-27T15:16:41.3326420+08:00, 0, 0, 0, 1, 1, 1, True
1.067452, 2021-08-27T15:16:41.3367090+08:00, 0, 0, 0, 1, 1, 1, True
1.07126, 2021-08-27T15:16:41.3404990+08:00, 0, 0, 0, 1, 1, 1, True
1.075455, 2021-08-27T15:16:41.3447140+08:00, 0, 0, 0, 1, 1, 1, True
1.079262, 2021-08-27T15:16:41.3485050+08:00, 0, 0, 0, 1, 1, 1, True
1.083454, 2021-08-27T15:16:41.3527380+08:00, 0, 0, 0, 1, 1, 1, True
1.087275, 2021-08-27T15:16:41.3565240+08:00, 0, 0, 0, 1, 1, 1, True
1.091491, 2021-08-27T15:16:41.3607470+08:00, 0, 0, 0, 1, 1, 1, True
1.095292, 2021-08-27T15:16:41.3645330+08:00, 0, 0, 0, 1, 1, 1, True
1.099437, 2021-08-27T15:16:41.3686970+08:00, 0, 0, 0, 1, 1, 1, True
1.103371, 2021-08-27T15:16:41.3726570+08:00, 0, 0, 0, 1, 1, 1, True
1.107415, 2021-08-27T15:16:41.3766670+08:00, 0, 0, 0, 1, 1, 1, True
1.111303, 2021-08-27T15:16:41.3805480+08:00, 0, 0, 0, 1, 1, 1, True
1.115268, 2021-08-27T15:16:41.3845270+08:00, 0, 0, 0, 1, 1, 1, True
1.11937, 2021-08-27T15:16:41.3886230+08:00, 0, 0, 0, 1, 1, 1, True
1.123245, 2021-08-27T15:16:41.3925250+08:00, 0, 0, 0, 1, 1, 1, True
1.127303, 2021-08-27T15:16:41.3965630+08:00, 0, 0, 0, 1, 1, 1, True
1.131489, 2021-08-27T15:16:41.4007570+08:00, 0, 0, 0, 1, 1, 1, True
1.135131, 2021-08-27T15:16:41.4043650+08:00, 0, 0, 0, 1, 1, 1, True
1.139454, 2021-08-27T15:16:41.4087070+08:00, 0, 0, 0, 1, 1, 1, True
1.143155, 2021-08-27T15:16:41.4124080+08:00, 0, 0, 0, 1, 1, 1, True
1.147431, 2021-08-27T15:16:41.4166860+08:00, 0, 0, 0, 1, 1, 1, True
1.15128, 2021-08-27T15:16:41.4205240+08:00, 0, 0, 0, 1, 1, 1, True
1.155225, 2021-08-27T15:16:41.4244730+08:00, 0, 0, 0, 1, 1, 1, True
1.159335, 2021-08-27T15:16:41.4285820+08:00, 0, 0, 0, 1, 1, 1, True
1.163396, 2021-08-27T15:16:41.4326780+08:00, 0, 0, 0, 1, 1, 1, True
1.167359, 2021-08-27T15:16:41.4366040+08:00, 0, 0, 0, 1, 1, 1, True
1.171412, 2021-08-27T15:16:41.4406560+08:00, 0, 0, 0, 1, 1, 1, True
1.175308, 2021-08-27T15:16:41.4445630+08:00, 0, 0, 0, 1, 1, 1, True
1.179354, 2021-08-27T15:16:41.4486010+08:00, 0, 0, 0, 1, 1, 1, True
1.183271, 2021-08-27T15:16:41.4525550+08:00, 0, 0, 0, 1, 1, 1, True
1.1874, 2021-08-27T15:16:41.4566410+08:00, 0, 0, 0, 1, 1, 1, True
1.191383, 2021-08-27T15:16:41.4606450+08:00, 0, 0, 0, 1, 1, 1, True
1.195291, 2021-08-27T15:16:41.4645430+08:00, 0, 0, 0, 1, 1, 1, True
1.199432, 2021-08-27T15:16:41.4686900+08:00, 0, 0, 0, 1, 1, 1, True
1.203339, 2021-08-27T15:16:41.4726480+08:00, 0, 0, 0, 1, 1, 1, True
1.207504, 2021-08-27T15:16:41.4767570+08:00, 0, 0, 0, 1, 1, 1, True
1.211246, 2021-08-27T15:16:41.4804860+08:00, 0, 0, 0, 1, 1, 1, True
1.215549, 2021-08-27T15:16:41.4848330+08:00, 0, 0, 0, 1, 1, 1, True
1.219594, 2021-08-27T15:16:41.4888600+08:00, 0, 0, 0, 1, 1, 1, True
1.223384, 2021-08-27T15:16:41.4926780+08:00, 0, 0, 0, 1, 1, 1, True
1.22736, 2021-08-27T15:16:41.4966110+08:00, 0, 0, 0, 1, 1, 1, True
1.231409, 2021-08-27T15:16:41.5006730+08:00, 0, 0, 0, 1, 1, 1, True
1.235433, 2021-08-27T15:16:41.5046770+08:00, 0, 0, 0, 1, 1, 1, True
1.239399, 2021-08-27T15:16:41.5086550+08:00, 0, 0, 0, 1, 1, 1, True
1.243317, 2021-08-27T15:16:41.5125930+08:00, 0, 0, 0, 1, 1, 1, True
1.247419, 2021-08-27T15:16:41.5166810+08:00, 0, 0, 0, 1, 1, 1, True
1.251281, 2021-08-27T15:16:41.5205150+08:00, 0, 0, 0, 1, 1, 1, True
1.255479, 2021-08-27T15:16:41.5247370+08:00, 0, 0, 0, 1, 1, 1, True
1.259343, 2021-08-27T15:16:41.5285790+08:00, 0, 0, 0, 1, 1, 1, True
1.263367, 2021-08-27T15:16:41.5326470+08:00, 0, 0, 0, 1, 1, 1, True
1.267436, 2021-08-27T15:16:41.5366890+08:00, 0, 0, 0, 1, 1, 1, True
1.27137, 2021-08-27T15:16:41.5406230+08:00, 0, 0, 0, 1, 1, 1, True
1.275384, 2021-08-27T15:16:41.5446340+08:00, 0, 0, 0, 1, 1, 1, True
1.279338, 2021-08-27T15:16:41.5485790+08:00, 0, 0, 0, 1, 1, 1, True
1.28351, 2021-08-27T15:16:41.5527980+08:00, 0, 0, 0, 1, 1, 1, True
1.28733, 2021-08-27T15:16:41.5565770+08:00, 0, 0, 0, 1, 1, 1, True
1.291435, 2021-08-27T15:16:41.5606900+08:00, 0, 0, 0, 1, 1, 1, True
1.295283, 2021-08-27T15:16:41.5645200+08:00, 0, 0, 0, 1, 1, 1, True
1.299437, 2021-08-27T15:16:41.5686870+08:00, 0, 0, 0, 1, 1, 1, True
1.30333, 2021-08-27T15:16:41.5726100+08:00, 0, 0, 0, 1, 1, 1, True
1.307421, 2021-08-27T15:16:41.5766810+08:00, 0, 0, 0, 1, 1, 1, True
1.311312, 2021-08-27T15:16:41.5805610+08:00, 0, 0, 0, 1, 1, 1, True
1.315437, 2021-08-27T15:16:41.5846970+08:00, 0, 0, 0, 1, 1, 1, True
1.319335, 2021-08-27T15:16:41.5886110+08:00, 0, 0, 0, 1, 1, 1, True
1.323391, 2021-08-27T15:16:41.5926690+08:00, 0, 0, 0, 1, 1, 1, True
1.327364, 2021-08-27T15:16:41.5966190+08:00, 0, 0, 0, 1, 1, 1, True
1.331401, 2021-08-27T15:16:41.6006610+08:00, 0, 0, 0, 1, 1, 1, True
1.335387, 2021-08-27T15:16:41.6046510+08:00, 0, 0, 0, 1, 1, 1, True
1.339384, 2021-08-27T15:16:41.6086260+08:00, 0, 0, 0, 1, 1, 1, True
1.343499, 2021-08-27T15:16:41.6127770+08:00, 0, 0, 0, 1, 1, 1, True
1.347354, 2021-08-27T15:16:41.6166210+08:00, 0, 0, 0, 1, 1, 1, True
1.351342, 2021-08-27T15:16:41.6205870+08:00, 0, 0, 0, 1, 1, 1, True
1.355415, 2021-08-27T15:16:41.6246770+08:00, 0, 0, 0, 1, 1, 1, True
1.359268, 2021-08-27T15:16:41.6285130+08:00, 0, 0, 0, 1, 1, 1, True
1.363425, 2021-08-27T15:16:41.6326970+08:00, 0, 0, 0, 1, 1, 1, True
1.367447, 2021-08-27T15:16:41.6367060+08:00, 0, 0, 0, 1, 1, 1, True
1.371421, 2021-08-27T15:16:41.6406830+08:00, 0, 0, 0, 1, 1, 1, True
1.375371, 2021-08-27T15:16:41.6446270+08:00, 0, 0, 0, 1, 1, 1, True
1.379357, 2021-08-27T15:16:41.6486000+08:00, 0, 0, 0, 1, 1, 1, True
1.383348, 2021-08-27T15:16:41.6526290+08:00, 0, 0, 0, 1, 1, 1, True
1.387355, 2021-08-27T15:16:41.6566060+08:00, 0, 0, 0, 1, 1, 1, True
1.391425, 2021-08-27T15:16:41.6606750+08:00, 0, 0, 0, 1, 1, 1, True
1.395326, 2021-08-27T15:16:41.6645920+08:00, 0, 0, 0, 1, 1, 1, True
1.399412, 2021-08-27T15:16:41.6686750+08:00, 0, 0, 0, 1, 1, 1, True
1.403292, 2021-08-27T15:16:41.6725680+08:00, 0, 0, 0, 1, 1, 1, True
1.407404, 2021-08-27T15:16:41.6766590+08:00, 0, 0, 0, 1, 1, 1, True
1.411285, 2021-08-27T15:16:41.6805390+08:00, 0, 0, 0, 1, 1, 1, True
1.415485, 2021-08-27T15:16:41.6847520+08:00, 0, 0, 0, 1, 1, 1, True
1.419307, 2021-08-27T15:16:41.6885570+08:00, 0, 0, 0, 1, 1, 1, True
1.423404, 2021-08-27T15:16:41.6926820+08:00, 0, 0, 0, 1, 1, 1, True
1.427316, 2021-08-27T15:16:41.6965700+08:00, 0, 0, 0, 1, 1, 1, True
1.431394, 2021-08-27T15:16:41.7006530+08:00, 0, 0, 0, 1, 1, 1, True
1.435506, 2021-08-27T15:16:41.7047660+08:00, 0, 0, 0, 1, 1, 1, True
1.439387, 2021-08-27T15:16:41.7086470+08:00, 0, 0, 0, 1, 1, 1, True
1.44338, 2021-08-27T15:16:41.7126660+08:00, 0, 0, 0, 1, 1, 1, True
1.447333, 2021-08-27T15:16:41.7166010+08:00, 0, 0, 0, 1, 1, 1, True
1.451377, 2021-08-27T15:16:41.7206250+08:00, 0, 0, 0, 1, 1, 1, True
1.455443, 2021-08-27T15:16:41.7247080+08:00, 0, 0, 0, 1, 1, 1, True
1.459351, 2021-08-27T15:16:41.7285900+08:00, 0, 0, 0, 1, 1, 1, True
1.463378, 2021-08-27T15:16:41.7326580+08:00, 0, 0, 0, 1, 1, 1, True
1.467513, 2021-08-27T15:16:41.7367730+08:00, 0, 0, 0, 1, 1, 1, True
1.471259, 2021-08-27T15:16:41.7405070+08:00, 0, 0, 0, 1, 1, 1, True
1.475411, 2021-08-27T15:16:41.7446690+08:00, 0, 0, 0, 1, 1, 1, True
1.479373, 2021-08-27T15:16:41.7486280+08:00, 0, 0, 0, 1, 1, 1, True
1.4834, 2021-08-27T15:16:41.7527030+08:00, 0, 0, 0, 1, 1, 1, True
1.487382, 2021-08-27T15:16:41.7566370+08:00, 0, 0, 0, 1, 1, 1, True
1.491446, 2021-08-27T15:16:41.7607000+08:00, 0, 0, 0, 1, 1, 1, True
1.495249, 2021-08-27T15:16:41.7644950+08:00, 0, 0, 0, 1, 1, 1, True
1.499453, 2021-08-27T15:16:41.7687190+08:00, 0, 0, 0, 1, 1, 1, True
1.503316, 2021-08-27T15:16:41.7725930+08:00, 0, 0, 0, 1, 1, 1, True
1.507394, 2021-08-27T15:16:41.7766490+08:00, 0, 0, 0, 1, 1, 1, True
1.511323, 2021-08-27T15:16:41.7805680+08:00, 0, 0, 0, 1, 1, 1, True
1.515428, 2021-08-27T15:16:41.7846910+08:00, 0, 0, 0, 1, 1, 1, True
1.519406, 2021-08-27T15:16:41.7886630+08:00, 0, 0, 0, 1, 1, 1, True
1.5234, 2021-08-27T15:16:41.7926860+08:00, 0, 0, 0, 1, 1, 1, True
1.527279, 2021-08-27T15:16:41.7965170+08:00, 0, 0, 0, 1, 1, 1, True
1.531452, 2021-08-27T15:16:41.8007140+08:00, 0, 0, 0, 1, 1, 1, True
1.535284, 2021-08-27T15:16:41.8045500+08:00, 0, 0, 0, 1, 1, 1, True
1.539389, 2021-08-27T15:16:41.8086520+08:00, 0, 0, 0, 1, 1, 1, True
1.543246, 2021-08-27T15:16:41.8125260+08:00, 0, 0, 0, 1, 1, 1, True
1.54745, 2021-08-27T15:16:41.8167110+08:00, 0, 0, 0, 1, 1, 1, True
1.551305, 2021-08-27T15:16:41.8205480+08:00, 0, 0, 0, 1, 1, 1, True
1.555429, 2021-08-27T15:16:41.8246750+08:00, 0, 0, 0, 1, 1, 1, True
1.559301, 2021-08-27T15:16:41.8285370+08:00, 0, 0, 0, 1, 1, 1, True
1.563344, 2021-08-27T15:16:41.8326240+08:00, 0, 0, 0, 1, 1, 1, True
1.567431, 2021-08-27T15:16:41.8367030+08:00, 0, 0, 0, 1, 1, 1, True
1.571377, 2021-08-27T15:16:41.8406340+08:00, 0, 0, 0, 1, 1, 1, True
1.575359, 2021-08-27T15:16:41.8446170+08:00, 0, 0, 0, 1, 1, 1, True
1.579402, 2021-08-27T15:16:41.8486640+08:00, 0, 0, 0, 1, 1, 1, True
1.583366, 2021-08-27T15:16:41.8526700+08:00, 0, 0, 0, 1, 1, 1, True
1.591592, 2021-08-27T15:16:41.8608780+08:00, 0, 0, 0, 1, 1, 1, True
1.595312, 2021-08-27T15:16:41.8645450+08:00, 0, 0, 0, 1, 1, 1, True
1.599389, 2021-08-27T15:16:41.8686550+08:00, 0, 0, 0, 1, 1, 1, True
1.603427, 2021-08-27T15:16:41.8727090+08:00, 0, 0, 0, 1, 1, 1, True
1.607379, 2021-08-27T15:16:41.8766360+08:00, 0, 0, 0, 1, 1, 1, True
1.611267, 2021-08-27T15:16:41.8805080+08:00, 0, 0, 0, 1, 1, 1, True
1.615438, 2021-08-27T15:16:41.8846960+08:00, 0, 0, 0, 1, 1, 1, True
1.619279, 2021-08-27T15:16:41.8885260+08:00, 0, 0, 0, 1, 1, 1, True
1.623451, 2021-08-27T15:16:41.8927320+08:00, 0, 0, 0, 1, 1, 1, True
1.627261, 2021-08-27T15:16:41.8965090+08:00, 0, 0, 0, 1, 1, 1, True
1.631432, 2021-08-27T15:16:41.9006960+08:00, 0, 0, 0, 1, 1, 1, True
1.635305, 2021-08-27T15:16:41.9045760+08:00, 0, 0, 0, 1, 1, 1, True
1.639359, 2021-08-27T15:16:41.9086070+08:00, 0, 0, 0, 1, 1, 1, True
1.643358, 2021-08-27T15:16:41.9126390+08:00, 0, 0, 0, 1, 1, 1, True
1.647364, 2021-08-27T15:16:41.9166200+08:00, 0, 0, 0, 1, 1, 1, True
1.65133, 2021-08-27T15:16:41.9205750+08:00, 0, 0, 0, 1, 1, 1, True
1.655455, 2021-08-27T15:16:41.9247210+08:00, 0, 0, 0, 1, 1, 1, True
1.659282, 2021-08-27T15:16:41.9285260+08:00, 0, 0, 0, 1, 1, 1, True
1.663273, 2021-08-27T15:16:41.9325670+08:00, 0, 0, 0, 1, 1, 1, True
1.66746, 2021-08-27T15:16:41.9367290+08:00, 0, 0, 0, 1, 1, 1, True
1.671319, 2021-08-27T15:16:41.9405730+08:00, 0, 0, 0, 1, 1, 1, True
1.675406, 2021-08-27T15:16:41.9446600+08:00, 0, 0, 0, 1, 1, 1, True
1.679362, 2021-08-27T15:16:41.9486270+08:00, 0, 0, 0, 1, 1, 1, True
1.683489, 2021-08-27T15:16:41.9527660+08:00, 0, 0, 0, 1, 1, 1, True
1.687383, 2021-08-27T15:16:41.9566400+08:00, 0, 0, 0, 1, 1, 1, True
1.69146, 2021-08-27T15:16:41.9607310+08:00, 0, 0, 0, 1, 1, 1, True
1.695224, 2021-08-27T15:16:41.9644620+08:00, 0, 0, 0, 1, 1, 1, True
1.699434, 2021-08-27T15:16:41.9686890+08:00, 0, 0, 0, 1, 1, 1, True
1.703256, 2021-08-27T15:16:41.9725450+08:00, 0, 0, 0, 1, 1, 1, True
1.707394, 2021-08-27T15:16:41.9766450+08:00, 0, 0, 0, 1, 1, 1, True
1.711324, 2021-08-27T15:16:41.9805840+08:00, 0, 0, 0, 1, 1, 1, True
1.71542, 2021-08-27T15:16:41.9846820+08:00, 0, 0, 0, 1, 1, 1, True
1.719376, 2021-08-27T15:16:41.9886370+08:00, 0, 0, 0, 1, 1, 1, True
1.723399, 2021-08-27T15:16:41.9926820+08:00, 0, 0, 0, 1, 1, 1, True
1.727258, 2021-08-27T15:16:41.9964950+08:00, 0, 0, 0, 1, 1, 1, True
1.731456, 2021-08-27T15:16:42.0007210+08:00, 0, 0, 0, 1, 1, 1, True
1.735374, 2021-08-27T15:16:42.0046560+08:00, 0, 0, 0, 1, 1, 1, True
1.739478, 2021-08-27T15:16:42.0087450+08:00, 0, 0, 0, 1, 1, 1, True
1.743522, 2021-08-27T15:16:42.0128250+08:00, 0, 0, 0, 1, 1, 1, True
1.747396, 2021-08-27T15:16:42.0166490+08:00, 0, 0, 0, 1, 1, 1, True
1.751233, 2021-08-27T15:16:42.0204910+08:00, 0, 0, 0, 1, 1, 1, True
1.755455, 2021-08-27T15:16:42.0247260+08:00, 0, 0, 0, 1, 1, 1, True
1.759445, 2021-08-27T15:16:42.0287130+08:00, 0, 0, 0, 1, 1, 1, True
1.763431, 2021-08-27T15:16:42.0327100+08:00, 0, 0, 0, 1, 1, 1, True
1.767536, 2021-08-27T15:16:42.0367980+08:00, 0, 0, 0, 1, 1, 1, True
1.771388, 2021-08-27T15:16:42.0406370+08:00, 0, 0, 0, 1, 1, 1, True
1.775326, 2021-08-27T15:16:42.0445870+08:00, 0, 0, 0, 1, 1, 1, True
1.779345, 2021-08-27T15:16:42.0486090+08:00, 0, 0, 0, 1, 1, 1, True
1.783442, 2021-08-27T15:16:42.0527180+08:00, 0, 0, 0, 1, 1, 1, True
1.787391, 2021-08-27T15:16:42.0566540+08:00, 0, 0, 0, 1, 1, 1, True
1.791428, 2021-08-27T15:16:42.0606860+08:00, 0, 0, 0, 1, 1, 1, True
1.795325, 2021-08-27T15:16:42.0645970+08:00, 0, 0, 0, 1, 1, 1, True
1.799387, 2021-08-27T15:16:42.0686450+08:00, 0, 0, 0, 1, 1, 1, True
1.803346, 2021-08-27T15:16:42.0726230+08:00, 0, 0, 0, 1, 1, 1, True
1.807401, 2021-08-27T15:16:42.0766620+08:00, 0, 0, 0, 1, 1, 1, True
1.811393, 2021-08-27T15:16:42.0806450+08:00, 0, 0, 0, 1, 1, 1, True
1.815317, 2021-08-27T15:16:42.0846110+08:00, 0, 0, 0, 1, 1, 1, True
1.819449, 2021-08-27T15:16:42.0887150+08:00, 0, 0, 0, 1, 1, 1, True
1.823427, 2021-08-27T15:16:42.0927040+08:00, 0, 0, 0, 1, 1, 1, True
1.827413, 2021-08-27T15:16:42.0966680+08:00, 0, 0, 0, 1, 1, 1, True
1.831435, 2021-08-27T15:16:42.1007240+08:00, 0, 0, 0, 1, 1, 1, True
1.835431, 2021-08-27T15:16:42.1046950+08:00, 0, 0, 0, 1, 1, 1, True
1.839272, 2021-08-27T15:16:42.1085380+08:00, 0, 0, 0, 1, 1, 1, True
1.843577, 2021-08-27T15:16:42.1128580+08:00, 0, 0, 0, 1, 1, 1, True
1.847357, 2021-08-27T15:16:42.1166270+08:00, 0, 0, 0, 1, 1, 1, True
1.851441, 2021-08-27T15:16:42.1206870+08:00, 0, 0, 0, 1, 1, 1, True
1.855366, 2021-08-27T15:16:42.1246150+08:00, 0, 0, 0, 1, 1, 1, True
1.859317, 2021-08-27T15:16:42.1285620+08:00, 0, 0, 0, 1, 1, 1, True
1.863422, 2021-08-27T15:16:42.1327440+08:00, 0, 0, 0, 1, 1, 1, True
1.867337, 2021-08-27T15:16:42.1365830+08:00, 0, 0, 0, 1, 1, 1, True
1.871379, 2021-08-27T15:16:42.1406480+08:00, 0, 0, 0, 1, 1, 1, True
1.875432, 2021-08-27T15:16:42.1447060+08:00, 0, 0, 0, 1, 1, 1, True
1.87937, 2021-08-27T15:16:42.1487110+08:00, 0, 0, 0, 1, 1, 1, True
1.883532, 2021-08-27T15:16:42.1528260+08:00, 0, 0, 0, 1, 1, 1, True
1.887216, 2021-08-27T15:16:42.1564950+08:00, 0, 0, 0, 1, 1, 1, True
1.89154, 2021-08-27T15:16:42.1609460+08:00, 0, 0, 0, 1, 1, 1, True
1.895404, 2021-08-27T15:16:42.1646660+08:00, 0, 0, 0, 1, 1, 1, True
1.899229, 2021-08-27T15:16:42.1684540+08:00, 0, 0, 0, 1, 1, 1, True
1.903457, 2021-08-27T15:16:42.1727380+08:00, 0, 0, 0, 1, 1, 1, True
1.907361, 2021-08-27T15:16:42.1765720+08:00, 0, 0, 0, 1, 1, 1, True
1.911362, 2021-08-27T15:16:42.1806060+08:00, 0, 0, 0, 1, 1, 1, True
1.91547, 2021-08-27T15:16:42.1846960+08:00, 0, 0, 0, 1, 1, 1, True
1.91933, 2021-08-27T15:16:42.1885440+08:00, 0, 0, 0, 1, 1, 1, True
1.923524, 2021-08-27T15:16:42.1927650+08:00, 0, 0, 0, 1, 1, 1, True
1.927375, 2021-08-27T15:16:42.1966290+08:00, 0, 0, 0, 1, 1, 1, True
1.931425, 2021-08-27T15:16:42.2006400+08:00, 0, 0, 0, 1, 1, 1, True
1.935412, 2021-08-27T15:16:42.2046410+08:00, 0, 0, 0, 1, 1, 1, True
1.939348, 2021-08-27T15:16:42.2085570+08:00, 0, 0, 0, 1, 1, 1, True
1.94343, 2021-08-27T15:16:42.2126720+08:00, 0, 0, 0, 1, 1, 1, True
1.947315, 2021-08-27T15:16:42.2165110+08:00, 0, 0, 0, 1, 1, 1, True
1.951418, 2021-08-27T15:16:42.2206240+08:00, 0, 0, 0, 1, 1, 1, True
1.95526, 2021-08-27T15:16:42.2244650+08:00, 0, 0, 0, 1, 1, 1, True
1.959396, 2021-08-27T15:16:42.2286680+08:00, 0, 0, 0, 1, 1, 1, True
1.963318, 2021-08-27T15:16:42.2325430+08:00, 0, 0, 0, 1, 1, 1, True
1.967626, 2021-08-27T15:16:42.2368460+08:00, 0, 0, 0, 1, 1, 1, True
1.971332, 2021-08-27T15:16:42.2405390+08:00, 0, 0, 0, 1, 1, 1, True
1.975454, 2021-08-27T15:16:42.2446590+08:00, 0, 0, 0, 1, 1, 1, True
1.979325, 2021-08-27T15:16:42.2485180+08:00, 0, 0, 0, 1, 1, 1, True
1.983439, 2021-08-27T15:16:42.2526890+08:00, 0, 0, 0, 1, 1, 1, True
1.98729, 2021-08-27T15:16:42.2564810+08:00, 0, 0, 0, 1, 1, 1, True
1.991533, 2021-08-27T15:16:42.2607450+08:00, 0, 0, 0, 1, 1, 1, True
1.995291, 2021-08-27T15:16:42.2644940+08:00, 0, 0, 0, 1, 1, 1, True
1.999283, 2021-08-27T15:16:42.2684880+08:00, 0, 0, 0, 1, 1, 1, True
2.003393, 2021-08-27T15:16:42.2726360+08:00, 0, 0, 0, 1, 1, 1, True
2.007411, 2021-08-27T15:16:42.2766200+08:00, 0, 0, 0, 1, 1, 1, True
2.011371, 2021-08-27T15:16:42.2806040+08:00, 0, 0, 0, 1, 1, 1, True
2.015441, 2021-08-27T15:16:42.2846550+08:00, 0, 0, 0, 1, 1, 1, True
2.019306, 2021-08-27T15:16:42.2885030+08:00, 0, 0, 0, 1, 1, 1, True
2.023356, 2021-08-27T15:16:42.2925990+08:00, 0, 0, 0, 1, 1, 1, True
2.027329, 2021-08-27T15:16:42.2965340+08:00, 0, 0, 0, 1, 1, 1, True
2.031162, 2021-08-27T15:16:42.3003660+08:00, 0, 0, 0, 1, 1, 1, True
2.035483, 2021-08-27T15:16:42.3046950+08:00, 0, 0, 0, 1, 1, 1, True
2.039271, 2021-08-27T15:16:42.3084620+08:00, 0, 0, 0, 1, 1, 1, True
2.043381, 2021-08-27T15:16:42.3126020+08:00, 0, 0, 0, 1, 1, 1, True
2.047403, 2021-08-27T15:16:42.3166060+08:00, 0, 0, 0, 1, 1, 1, True
2.051332, 2021-08-27T15:16:42.3205280+08:00, 0, 0, 0, 1, 1, 1, True
2.055411, 2021-08-27T15:16:42.3246430+08:00, 0, 0, 0, 1, 1, 1, True
2.061548, 2021-08-27T15:16:42.3307830+08:00, 0, 0, 0, 1, 1, 1, True
2.067371, 2021-08-27T15:16:42.3366280+08:00, 0, 0, 0, 1, 1, 1, True
2.071194, 2021-08-27T15:16:42.3403910+08:00, 0, 0, 0, 1, 1, 1, True
2.075458, 2021-08-27T15:16:42.3446690+08:00, 0, 0, 0, 1, 1, 1, True
2.079278, 2021-08-27T15:16:42.3484810+08:00, 0, 0, 0, 1, 1, 1, True
2.083475, 2021-08-27T15:16:42.3527100+08:00, 0, 0, 0, 1, 1, 1, True
2.087328, 2021-08-27T15:16:42.3565380+08:00, 0, 0, 0, 1, 1, 1, True
2.09145, 2021-08-27T15:16:42.3606620+08:00, 0, 0, 0, 1, 1, 1, True
2.095376, 2021-08-27T15:16:42.3645780+08:00, 0, 0, 0, 1, 1, 1, True
2.099399, 2021-08-27T15:16:42.3686080+08:00, 0, 0, 0, 1, 1, 1, True
2.103359, 2021-08-27T15:16:42.3725860+08:00, 0, 0, 0, 1, 1, 1, True
2.107441, 2021-08-27T15:16:42.3766520+08:00, 0, 0, 0, 1, 1, 1, True
2.111305, 2021-08-27T15:16:42.3805040+08:00, 0, 0, 0, 1, 1, 1, True
2.115444, 2021-08-27T15:16:42.3846530+08:00, 0, 0, 0, 1, 1, 1, True
2.119395, 2021-08-27T15:16:42.3886080+08:00, 0, 0, 0, 1, 1, 1, True
2.1234, 2021-08-27T15:16:42.3926350+08:00, 0, 0, 0, 1, 1, 1, True
2.127309, 2021-08-27T15:16:42.3965110+08:00, 0, 0, 0, 1, 1, 1, True
2.131337, 2021-08-27T15:16:42.4005500+08:00, 0, 0, 0, 1, 1, 1, True
2.135435, 2021-08-27T15:16:42.4046450+08:00, 0, 0, 0, 1, 1, 1, True
2.139405, 2021-08-27T15:16:42.4086100+08:00, 0, 0, 0, 1, 1, 1, True
2.143427, 2021-08-27T15:16:42.4126630+08:00, 0, 0, 0, 1, 1, 1, True
2.147507, 2021-08-27T15:16:42.4167110+08:00, 0, 0, 0, 1, 1, 1, True
2.151322, 2021-08-27T15:16:42.4205480+08:00, 0, 0, 0, 1, 1, 1, True
2.155419, 2021-08-27T15:16:42.4246290+08:00, 0, 0, 0, 1, 1, 1, True
2.159377, 2021-08-27T15:16:42.4286010+08:00, 0, 0, 0, 1, 1, 1, True
2.163235, 2021-08-27T15:16:42.4324660+08:00, 0, 0, 0, 1, 1, 1, True
2.167514, 2021-08-27T15:16:42.4367630+08:00, 0, 0, 0, 1, 1, 1, True
2.171267, 2021-08-27T15:16:42.4404720+08:00, 0, 0, 0, 1, 1, 1, True
2.175418, 2021-08-27T15:16:42.4446550+08:00, 0, 0, 0, 1, 1, 1, True
2.179338, 2021-08-27T15:16:42.4485480+08:00, 0, 0, 0, 1, 1, 1, True
2.187349, 2021-08-27T15:16:42.4566110+08:00, 0, 0, 0, 1, 1, 1, True
2.191425, 2021-08-27T15:16:42.4606450+08:00, 0, 0, 0, 1, 1, 1, True
2.195649, 2021-08-27T15:16:42.4648660+08:00, 0, 0, 0, 1, 1, 1, True
2.199443, 2021-08-27T15:16:42.4686630+08:00, 0, 0, 0, 1, 1, 1, True
2.203509, 2021-08-27T15:16:42.4727670+08:00, 0, 0, 0, 1, 1, 1, True
2.207376, 2021-08-27T15:16:42.4765940+08:00, 0, 0, 0, 1, 1, 1, True
2.211334, 2021-08-27T15:16:42.4806410+08:00, 0, 0, 0, 1, 1, 1, True
2.215255, 2021-08-27T15:16:42.4844780+08:00, 0, 0, 0, 1, 1, 1, True
2.219526, 2021-08-27T15:16:42.4887460+08:00, 0, 0, 0, 1, 1, 1, True
2.223356, 2021-08-27T15:16:42.4925880+08:00, 0, 0, 0, 1, 1, 1, True
2.227382, 2021-08-27T15:16:42.4966530+08:00, 0, 0, 0, 1, 1, 1, True
2.231299, 2021-08-27T15:16:42.5005260+08:00, 0, 0, 0, 1, 1, 1, True
2.235297, 2021-08-27T15:16:42.5045690+08:00, 0, 0, 0, 1, 1, 1, True
2.239385, 2021-08-27T15:16:42.5086050+08:00, 0, 0, 0, 1, 1, 1, True
2.243253, 2021-08-27T15:16:42.5125640+08:00, 0, 0, 0, 1, 1, 1, True
2.247457, 2021-08-27T15:16:42.5166720+08:00, 0, 0, 0, 1, 1, 1, True
2.251275, 2021-08-27T15:16:42.5205050+08:00, 0, 0, 0, 1, 1, 1, True
2.255459, 2021-08-27T15:16:42.5246740+08:00, 0, 0, 0, 1, 1, 1, True
2.259239, 2021-08-27T15:16:42.5284700+08:00, 0, 0, 0, 1, 1, 1, True
2.263326, 2021-08-27T15:16:42.5325570+08:00, 0, 0, 0, 1, 1, 1, True
2.267498, 2021-08-27T15:16:42.5367220+08:00, 0, 0, 0, 1, 1, 1, True
2.271266, 2021-08-27T15:16:42.5404890+08:00, 0, 0, 0, 1, 1, 1, True
2.275524, 2021-08-27T15:16:42.5447450+08:00, 0, 0, 0, 1, 1, 1, True
2.279317, 2021-08-27T15:16:42.5485320+08:00, 0, 0, 0, 1, 1, 1, True
2.283411, 2021-08-27T15:16:42.5526730+08:00, 0, 0, 0, 1, 1, 1, True
2.287441, 2021-08-27T15:16:42.5566510+08:00, 0, 0, 0, 1, 1, 1, True
2.291362, 2021-08-27T15:16:42.5606070+08:00, 0, 0, 0, 1, 1, 1, True
2.295304, 2021-08-27T15:16:42.5645110+08:00, 0, 0, 0, 1, 1, 1, True
2.299553, 2021-08-27T15:16:42.5687760+08:00, 0, 0, 0, 1, 1, 1, True
2.303338, 2021-08-27T15:16:42.5725630+08:00, 0, 0, 0, 1, 1, 1, True
2.307511, 2021-08-27T15:16:42.5767660+08:00, 0, 0, 0, 1, 1, 1, True
2.311251, 2021-08-27T15:16:42.5804500+08:00, 0, 0, 0, 1, 1, 1, True
2.315522, 2021-08-27T15:16:42.5847790+08:00, 0, 0, 0, 1, 1, 1, True
2.31934, 2021-08-27T15:16:42.5885400+08:00, 0, 0, 0, 1, 1, 1, True
2.323501, 2021-08-27T15:16:42.5927720+08:00, 0, 0, 0, 1, 1, 1, True
2.327307, 2021-08-27T15:16:42.5965080+08:00, 0, 0, 0, 1, 1, 1, True
2.331238, 2021-08-27T15:16:42.6004480+08:00, 0, 0, 0, 1, 1, 1, True
2.335333, 2021-08-27T15:16:42.6045410+08:00, 0, 0, 0, 1, 1, 1, True
2.339452, 2021-08-27T15:16:42.6086700+08:00, 0, 0, 0, 1, 1, 1, True
2.343333, 2021-08-27T15:16:42.6125560+08:00, 0, 0, 0, 1, 1, 1, True
2.347458, 2021-08-27T15:16:42.6167780+08:00, 0, 0, 0, 1, 1, 1, True
2.351533, 2021-08-27T15:16:42.6207460+08:00, 0, 0, 0, 1, 1, 1, True
2.355414, 2021-08-27T15:16:42.6246350+08:00, 0, 0, 0, 1, 1, 1, True
2.359243, 2021-08-27T15:16:42.6284460+08:00, 0, 0, 0, 1, 1, 1, True
2.36337, 2021-08-27T15:16:42.6326110+08:00, 0, 0, 0, 1, 1, 1, True
2.367328, 2021-08-27T15:16:42.6365290+08:00, 0, 0, 0, 1, 1, 1, True
2.371415, 2021-08-27T15:16:42.6406210+08:00, 0, 0, 0, 1, 1, 1, True
2.375381, 2021-08-27T15:16:42.6445980+08:00, 0, 0, 0, 1, 1, 1, True
2.379383, 2021-08-27T15:16:42.6486030+08:00, 0, 0, 0, 1, 1, 1, True
2.383332, 2021-08-27T15:16:42.6525630+08:00, 0, 0, 0, 1, 1, 1, True
2.387408, 2021-08-27T15:16:42.6566190+08:00, 0, 0, 0, 1, 1, 1, True
2.391368, 2021-08-27T15:16:42.6605910+08:00, 0, 0, 0, 1, 1, 1, True
2.39533, 2021-08-27T15:16:42.6645480+08:00, 0, 0, 0, 1, 1, 1, True
2.399314, 2021-08-27T15:16:42.6685330+08:00, 0, 0, 0, 1, 1, 1, True
2.403468, 2021-08-27T15:16:42.6727120+08:00, 0, 0, 0, 1, 1, 1, True
2.407274, 2021-08-27T15:16:42.6764780+08:00, 0, 0, 0, 1, 1, 1, True
2.411157, 2021-08-27T15:16:42.6803570+08:00, 0, 0, 0, 1, 1, 1, True
2.415365, 2021-08-27T15:16:42.6845830+08:00, 0, 0, 0, 1, 1, 1, True
2.41939, 2021-08-27T15:16:42.6886040+08:00, 0, 0, 0, 1, 1, 1, True
2.423344, 2021-08-27T15:16:42.6925860+08:00, 0, 0, 0, 1, 1, 1, True
2.427363, 2021-08-27T15:16:42.6965720+08:00, 0, 0, 0, 1, 1, 1, True
2.431349, 2021-08-27T15:16:42.7005730+08:00, 0, 0, 0, 1, 1, 1, True
2.43541, 2021-08-27T15:16:42.7046370+08:00, 0, 0, 0, 1, 1, 1, True
2.439412, 2021-08-27T15:16:42.7086290+08:00, 0, 0, 0, 1, 1, 1, True
2.443453, 2021-08-27T15:16:42.7126880+08:00, 0, 0, 0, 1, 1, 1, True
2.44737, 2021-08-27T15:16:42.7165840+08:00, 0, 0, 0, 1, 1, 1, True
2.451448, 2021-08-27T15:16:42.7206640+08:00, 0, 0, 0, 1, 1, 1, True
2.455503, 2021-08-27T15:16:42.7247210+08:00, 0, 0, 0, 1, 1, 1, True
2.459299, 2021-08-27T15:16:42.7285140+08:00, 0, 0, 0, 1, 1, 1, True
2.463488, 2021-08-27T15:16:42.7327290+08:00, 0, 0, 0, 1, 1, 1, True
2.467408, 2021-08-27T15:16:42.7366250+08:00, 0, 0, 0, 1, 1, 1, True
2.471448, 2021-08-27T15:16:42.7406690+08:00, 0, 0, 0, 1, 1, 1, True
2.475385, 2021-08-27T15:16:42.7446060+08:00, 0, 0, 0, 1, 1, 1, True
2.479385, 2021-08-27T15:16:42.7485980+08:00, 0, 0, 0, 1, 1, 1, True
2.483424, 2021-08-27T15:16:42.7526690+08:00, 0, 0, 0, 1, 1, 1, True
2.48742, 2021-08-27T15:16:42.7566330+08:00, 0, 0, 0, 1, 1, 1, True
2.491188, 2021-08-27T15:16:42.7604180+08:00, 0, 0, 0, 1, 1, 1, True
2.495391, 2021-08-27T15:16:42.7646070+08:00, 0, 0, 0, 1, 1, 1, True
2.499405, 2021-08-27T15:16:42.7686110+08:00, 0, 0, 0, 1, 1, 1, True
2.503584, 2021-08-27T15:16:42.7728170+08:00, 0, 0, 0, 1, 1, 1, True
2.507349, 2021-08-27T15:16:42.7765590+08:00, 0, 0, 0, 1, 1, 1, True
2.511322, 2021-08-27T15:16:42.7805360+08:00, 0, 0, 0, 1, 1, 1, True
2.515271, 2021-08-27T15:16:42.7844980+08:00, 0, 0, 0, 1, 1, 1, True
2.519482, 2021-08-27T15:16:42.7886920+08:00, 0, 0, 0, 1, 1, 1, True
2.523419, 2021-08-27T15:16:42.7926560+08:00, 0, 0, 0, 1, 1, 1, True
2.52725, 2021-08-27T15:16:42.7964740+08:00, 0, 0, 0, 1, 1, 1, True
2.531416, 2021-08-27T15:16:42.8006290+08:00, 0, 0, 0, 1, 1, 1, True
2.535429, 2021-08-27T15:16:42.8046460+08:00, 0, 0, 0, 1, 1, 1, True
2.539406, 2021-08-27T15:16:42.8086230+08:00, 0, 0, 0, 1, 1, 1, True
2.543253, 2021-08-27T15:16:42.8125250+08:00, 0, 0, 0, 1, 1, 1, True
2.547391, 2021-08-27T15:16:42.8166170+08:00, 0, 0, 0, 1, 1, 1, True
2.551366, 2021-08-27T15:16:42.8205830+08:00, 0, 0, 0, 1, 1, 1, True
2.555456, 2021-08-27T15:16:42.8246790+08:00, 0, 0, 0, 1, 1, 1, True
2.559244, 2021-08-27T15:16:42.8284560+08:00, 0, 0, 0, 1, 1, 1, True
2.563538, 2021-08-27T15:16:42.8327850+08:00, 0, 0, 0, 1, 1, 1, True
2.567387, 2021-08-27T15:16:42.8366130+08:00, 0, 0, 0, 1, 1, 1, True
2.571561, 2021-08-27T15:16:42.8407890+08:00, 0, 0, 0, 1, 1, 1, True
2.575156, 2021-08-27T15:16:42.8443850+08:00, 0, 0, 0, 1, 1, 1, True
2.579461, 2021-08-27T15:16:42.8486770+08:00, 0, 0, 0, 1, 1, 1, True
2.58347, 2021-08-27T15:16:42.8528080+08:00, 0, 0, 0, 1, 1, 1, True
2.587407, 2021-08-27T15:16:42.8566250+08:00, 0, 0, 0, 1, 1, 1, True
2.591311, 2021-08-27T15:16:42.8605420+08:00, 0, 0, 0, 1, 1, 1, True
2.595489, 2021-08-27T15:16:42.8647180+08:00, 0, 0, 0, 1, 1, 1, True
2.599389, 2021-08-27T15:16:42.8686250+08:00, 0, 0, 0, 1, 1, 1, True
2.603474, 2021-08-27T15:16:42.8727150+08:00, 0, 0, 0, 1, 1, 1, True
2.607269, 2021-08-27T15:16:42.8765020+08:00, 0, 0, 0, 1, 1, 1, True
2.611261, 2021-08-27T15:16:42.8804740+08:00, 0, 0, 0, 1, 1, 1, True
2.615403, 2021-08-27T15:16:42.8846350+08:00, 0, 0, 0, 1, 1, 1, True
2.619413, 2021-08-27T15:16:42.8886280+08:00, 0, 0, 0, 1, 1, 1, True
2.623513, 2021-08-27T15:16:42.8927630+08:00, 0, 0, 0, 1, 1, 1, True
2.627248, 2021-08-27T15:16:42.8964580+08:00, 0, 0, 0, 1, 1, 1, True
2.631546, 2021-08-27T15:16:42.9007800+08:00, 0, 0, 0, 1, 1, 1, True
2.63533, 2021-08-27T15:16:42.9045380+08:00, 0, 0, 0, 1, 1, 1, True
2.639516, 2021-08-27T15:16:42.9087830+08:00, 0, 0, 0, 1, 1, 1, True
2.643372, 2021-08-27T15:16:42.9126010+08:00, 0, 0, 0, 1, 1, 1, True
2.64738, 2021-08-27T15:16:42.9165910+08:00, 0, 0, 0, 1, 1, 1, True
2.65149, 2021-08-27T15:16:42.9207010+08:00, 0, 0, 0, 1, 1, 1, True
2.65551, 2021-08-27T15:16:42.9247320+08:00, 0, 0, 0, 1, 1, 1, True
2.659304, 2021-08-27T15:16:42.9285130+08:00, 0, 0, 0, 1, 1, 1, True
2.663369, 2021-08-27T15:16:42.9326170+08:00, 0, 0, 0, 1, 1, 1, True
2.667463, 2021-08-27T15:16:42.9366830+08:00, 0, 0, 0, 1, 1, 1, True
2.676399, 2021-08-27T15:16:42.9456030+08:00, 0, 0, 0, 1, 1, 1, True
2.684522, 2021-08-27T15:16:42.9537500+08:00, 0, 0, 0, 1, 1, 1, True
2.691676, 2021-08-27T15:16:42.9608710+08:00, 0, 0, 0, 1, 1, 1, True
2.695314, 2021-08-27T15:16:42.9645180+08:00, 0, 0, 0, 1, 1, 1, True
2.699384, 2021-08-27T15:16:42.9685880+08:00, 0, 0, 0, 1, 1, 1, True
2.70339, 2021-08-27T15:16:42.9726190+08:00, 0, 0, 0, 1, 1, 1, True
2.707423, 2021-08-27T15:16:42.9766240+08:00, 0, 0, 0, 1, 1, 1, True
2.711302, 2021-08-27T15:16:42.9804980+08:00, 0, 0, 0, 1, 1, 1, True
2.715426, 2021-08-27T