t 0, x 0, y 0, z 50, scale_x 1, scale_y 1, scale_z 1, stimulusOn True
t 0.02, x 0, y 0, z 50, scale_x 1, scale_y 1, scale_z 1, stimulusOn True
t 0.12, x 0, y 0, z 50, scale_x 1, scale_y 1, scale_z 1, stimulusOn True
t 0.22, x 0, y 0, z 50, scale_x 1, scale_y 1, scale_z 1, stimulusOn True
t 0.32, x 0, y 0, z 50, scale_x 1, scale_y 1, scale_z 1, stimulusOn True
t 0.330031, x 0, y 0, z 50, scale_x 1, scale_y 1, scale_z 1, stimulusOn True
t 0.337173, x 0, y 0, z 50, scale_x 1, scale_y 1, scale_z 1, stimulusOn True
t 0.3410231, x 0, y 0, z 50, scale_x 1, scale_y 1, scale_z 1, stimulusOn True
t 0.3498603, x 0, y 0, z 50, scale_x 1, scale_y 1, scale_z 1, stimulusOn True
t 0.357261, x 0, y 0, z 50, scale_x 1, scale_y 1, scale_z 1, stimulusOn True
t 0.3605891, x 0, y 0, z 50, scale_x 1, scale_y 1, scale_z 1, stimulusOn True
t 0.3650251, x 0, y 0, z 50, scale_x 1, scale_y 1, scale_z 1, stimulusOn True
t 0.3684357, x 0, y 0, z 50, scale_x 1, scale_y 1, scale_z 1, stimulusOn True
t 0.3725691, x 0, y 0, z 50, scale_x 1, scale_y 1, scale_z 1, stimulusOn True
t 0.3765389, x 0, y 0, z 50, scale_x 1, scale_y 1, scale_z 1, stimulusOn True
t 0.3805202, x 0, y 0, z 50, scale_x 1, scale_y 1, scale_z 1, stimulusOn True
t 0.3845484, x 0, y 0, z 50, scale_x 1, scale_y 1, scale_z 1, stimulusOn True
t 0.3884855, x 0, y 0, z 50, scale_x 1, scale_y 1, scale_z 1, stimulusOn True
t 0.3926696, x 0, y 0, z 50, scale_x 1, scale_y 1, scale_z 1, stimulusOn True
t 0.3963575, x 0, y 0, z 50, scale_x 1, scale_y 1, scale_z 1, stimulusOn True
t 0.4006537, x 0, y 0, z 50, scale_x 1, scale_y 1, scale_z 1, stimulusOn True
t 0.4044556, x 0, y 0, z 50, scale_x 1, scale_y 1, scale_z 1, stimulusOn True
t 0.4084379, x 0, y 0, z 50, scale_x 1, scale_y 1, scale_z 1, stimulusOn True
t 0.4125493, x 0, y 0, z 50, scale_x 1, scale_y 1, scale_z 1, stimulusOn True
t 0.4165928, x 0, y 0, z 50, scale_x 1, scale_y 1, scale_z 1, stimulusOn True
t 0.4203743, x 0, y 0, z 50, scale_x 1, scale_y 1, scale_z 1, stimulusOn True
t 0.4243626, x 0, y 0, z 50, scale_x 1, scale_y 1, scale_z 1, stimulusOn True
t 0.4285813, x 0, y 0, z 50, scale_x 1, scale_y 1, scale_z 1, stimulusOn True
t 0.4323803, x 0, y 0, z 50, scale_x 1, scale_y 1, scale_z 1, stimulusOn True
t 0.4364543, x 0, y 0, z 50, scale_x 1, scale_y 1, scale_z 1, stimulusOn True
t 0.4403734, x 0, y 0, z 50, scale_x 1, scale_y 1, scale_z 1, stimulusOn True
t 0.4446566, x 0, y 0, z 50, scale_x 1, scale_y 1, scale_z 1, stimulusOn True
t 0.4487581, x 0, y 0, z 50, scale_x 1, scale_y 1, scale_z 1, stimulusOn True
t 0.4525808, x 0, y 0, z 50, scale_x 1, scale_y 1, scale_z 1, stimulusOn True
t 0.4564518, x 0, y 0, z 50, scale_x 1, scale_y 1, scale_z 1, stimulusOn True
t 0.460549, x 0, y 0, z 50, scale_x 1, scale_y 1, scale_z 1, stimulusOn True
t 0.4645373, x 0, y 0, z 50, scale_x 1, scale_y 1, scale_z 1, stimulusOn True
t 0.4685754, x 0, y 0, z 50, scale_x 1, scale_y 1, scale_z 1, stimulusOn True
t 0.4724238, x 0, y 0, z 50, scale_x 1, scale_y 1, scale_z 1, stimulusOn True
t 0.4765505, x 0, y 0, z 50, scale_x 1, scale_y 1, scale_z 1, stimulusOn True
t 0.4805798, x 0, y 0, z 50, scale_x 1, scale_y 1, scale_z 1, stimulusOn True
t 0.4845995, x 0, y 0, z 50, scale_x 1, scale_y 1, scale_z 1, stimulusOn True
t 0.4884699, x 0, y 0, z 50, scale_x 1, scale_y 1, scale_z 1, stimulusOn True
t 0.4926057, x 0, y 0, z 50, scale_x 1, scale_y 1, scale_z 1, stimulusOn True
t 0.4964269, x 0, y 0, z 50, scale_x 1, scale_y 1, scale_z 1, stimulusOn True
t 0.5007132, x 0, y 0, z 50, scale_x 1, scale_y 1, scale_z 1, stimulusOn True
t 0.5044805, x 0, y 0, z 50, scale_x 1, scale_y 1, scale_z 1, stimulusOn True
t 0.508736, x 0, y 0, z 50, scale_x 1, scale_y 1, scale_z 1, stimulusOn True
t 0.5127752, x 0, y 0, z 50, scale_x 1, scale_y 1, scale_z 1, stimulusOn True
t 0.5163521, x 0, y 0, z 50, scale_x 1, scale_y 1, scale_z 1, stimulusOn True
t 0.5206415, x 0, y 0, z 50, scale_x 1, scale_y 1, scale_z 1, stimulusOn True
t 0.5245498, x 0, y 0, z 50, scale_x 1, scale_y 1, scale_z 1, stimulusOn True
t 0.5285529, x 0, y 0, z 50, scale_x 1, scale_y 1, scale_z 1, stimulusOn True
t 0.5325602, x 0, y 0, z 50, scale_x 1, scale_y 1, scale_z 1, stimulusOn True
t 0.536624, x 0, y 0, z 50, scale_x 1, scale_y 1, scale_z 1, stimulusOn True
t 0.5405236, x 0, y 0, z 50, scale_x 1, scale_y 1, scale_z 1, stimulusOn True
t 0.5443257, x 0, y 0, z 50, scale_x 1, scale_y 1, scale_z 1, stimulusOn True
t 0.548605, x 0, y 0, z 50, scale_x 1, scale_y 1, scale_z 1, stimulusOn True
t 0.5525528, x 0, y 0, z 50, scale_x 1, scale_y 1, scale_z 1, stimulusOn True
t 0.5565197, x 0, y 0, z 50, scale_x 1, scale_y 1, scale_z 1, stimulusOn True
t 0.5605857, x 0, y 0, z 50, scale_x 1, scale_y 1, scale_z 1, stimulusOn True
t 0.5645146, x 0, y 0, z 50, scale_x 1, scale_y 1, scale_z 1, stimulusOn True
t 0.5685717, x 0, y 0, z 50, scale_x 1, scale_y 1, scale_z 1, stimulusOn True
t 0.5726999, x 0, y 0, z 50, scale_x 1, scale_y 1, scale_z 1, stimulusOn True
t 0.5765268, x 0, y 0, z 50, scale_x 1, scale_y 1, scale_z 1, stimulusOn True
t 0.5805488, x 0, y 0, z 50, scale_x 1, scale_y 1, scale_z 1, stimulusOn True
t 0.5846071, x 0, y 0, z 50, scale_x 1, scale_y 1, scale_z 1, stimulusOn True
t 0.5884768, x 0, y 0, z 50, scale_x 1, scale_y 1, scale_z 1, stimulusOn True
t 0.5924659, x 0, y 0, z 50, scale_x 1, scale_y 1, scale_z 1, stimulusOn True
t 0.5965825, x 0, y 0, z 50, scale_x 1, scale_y 1, scale_z 1, stimulusOn True
t 0.6004259, x 0, y 0, z 50, scale_x 1, scale_y 1, scale_z 1, stimulusOn True
t 0.6043958, x 0, y 0, z 50, scale_x 1, scale_y 1, scale_z 1, stimulusOn True
t 0.6085691, x 0, y 0, z 50, scale_x 1, scale_y 1, scale_z 1, stimulusOn True
t 0.6122738, x 0, y 0, z 50, scale_x 1, scale_y 1, scale_z 1, stimulusOn True
t 0.6165673, x 0, y 0, z 50, scale_x 1, scale_y 1, scale_z 1, stimulusOn True
t 0.6205637, x 0, y 0, z 50, scale_x 1, scale_y 1, scale_z 1, stimulusOn True
t 0.6245276, x 0, y 0, z 50, scale_x 1, scale_y 1, scale_z 1, stimulusOn True
t 0.6286051, x 0, y 0, z 50, scale_x 1, scale_y 1, scale_z 1, stimulusOn True
t 0.632364, x 0, y 0, z 50, scale_x 1, scale_y 1, scale_z 1, stimulusOn True
t 0.6363254, x 0, y 0, z 50, scale_x 1, scale_y 1, scale_z 1, stimulusOn True
t 0.640303, x 0, y 0, z 50, scale_x 1, scale_y 1, scale_z 1, stimulusOn True
t 0.6445472, x 0, y 0, z 50, scale_x 1, scale_y 1, scale_z 1, stimulusOn True
t 0.6484957, x 0, y 0, z 50, scale_x 1, scale_y 1, scale_z 1, stimulusOn True
t 0.652593, x 0, y 0, z 50, scale_x 1, scale_y 1, scale_z 1, stimulusOn True
t 0.6564905, x 0, y 0, z 50, scale_x 1, scale_y 1, scale_z 1, stimulusOn True
t 0.6604227, x 0, y 0, z 50, scale_x 1, scale_y 1, scale_z 1, stimulusOn True
t 0.6644266, x 0, y 0, z 50, scale_x 1, scale_y 1, scale_z 1, stimulusOn True
t 0.6685488, x 0, y 0, z 50, scale_x 1, scale_y 1, scale_z 1, stimulusOn True
t 0.6725298, x 0, y 0, z 50, scale_x 1, scale_y 1, scale_z 1, stimulusOn True
t 0.6763734, x 0, y 0, z 50, scale_x 1, scale_y 1, scale_z 1, stimulusOn True
t 0.6812044, x 0, y 0, z 50, scale_x 1, scale_y 1, scale_z 1, stimulusOn True
t 0.6844767, x 0, y 0, z 50, scale_x 1, scale_y 1, scale_z 1, stimulusOn True
t 0.6884558, x 0, y 0, z 50, scale_x 1, scale_y 1, scale_z 1, stimulusOn True
t 0.6925929, x 0, y 0, z 50, scale_x 1, scale_y 1, scale_z 1, stimulusOn True
t 0.6963921, x 0, y 0, z 50, scale_x 1, scale_y 1, scale_z 1, stimulusOn True
t 0.7006054, x 0, y 0, z 50, scale_x 1, scale_y 1, scale_z 1, stimulusOn True
t 0.7043356, x 0, y 0, z 50, scale_x 1, scale_y 1, scale_z 1, stimulusOn True
t 0.7086236, x 0, y 0, z 50, scale_x 1, scale_y 1, scale_z 1, stimulusOn True
t 0.7123812, x 0, y 0, z 50, scale_x 1, scale_y 1, scale_z 1, stimulusOn True
t 0.7166389, x 0, y 0, z 50, scale_x 1, scale_y 1, scale_z 1, stimulusOn True
t 0.7206274, x 0, y 0, z 50, scale_x 1, scale_y 1, scale_z 1, stimulusOn True
t 0.7245689, x 0, y 0, z 50, scale_x 1, scale_y 1, scale_z 1, stimulusOn True
t 0.7290186, x 0, y 0, z 50, scale_x 1, scale_y 1, scale_z 1, stimulusOn True
t 0.7323581, x 0, y 0, z 50, scale_x 1, scale_y 1, scale_z 1, stimulusOn True
t 0.7366667, x 0, y 0, z 50, scale_x 1, scale_y 1, scale_z 1, stimulusOn True
t 0.7405638, x 0, y 0, z 50, scale_x 1, scale_y 1, scale_z 1, stimulusOn True
t 0.7443454, x 0, y 0, z 50, scale_x 1, scale_y 1, scale_z 1, stimulusOn True
t 0.7485062, x 0, y 0, z 50, scale_x 1, scale_y 1, scale_z 1, stimulusOn True
t 0.7525424, x 0, y 0, z 50, scale_x 1, scale_y 1, scale_z 1, stimulusOn True
t 0.7565235, x 0, y 0, z 50, scale_x 1, scale_y 1, scale_z 1, stimulusOn True
t 0.7605145, x 0, y 0, z 50, scale_x 1, scale_y 1, scale_z 1, stimulusOn True
t 0.7647899, x 0, y 0, z 50, scale_x 1, scale_y 1, scale_z 1, stimulusOn True
t 0.7685248, x 0, y 0, z 50, scale_x 1, scale_y 1, scale_z 1, stimulusOn True
t 0.7726082, x 0, y 0, z 50, scale_x 1, scale_y 1, scale_z 1, stimulusOn True
t 0.7767886, x 0, y 0, z 50, scale_x 1, scale_y 1, scale_z 1, stimulusOn True
t 0.7806007, x 0, y 0, z 50, scale_x 1, scale_y 1, scale_z 1, stimulusOn True
t 0.7844542, x 0, y 0, z 50, scale_x 1, scale_y 1, scale_z 1, stimulusOn True
t 0.7885717, x 0, y 0, z 50, scale_x 1, scale_y 1, scale_z 1, stimulusOn True
t 0.7925853, x 0, y 0, z 50, scale_x 1, scale_y 1, scale_z 1, stimulusOn True
t 0.8025961, x 0, y 0, z 50, scale_x 1, scale_y 1, scale_z 1, stimulusOn True
t 0.8083691, x 0, y 0, z 50, scale_x 1, scale_y 1, scale_z 1, stimulusOn True
t 0.8127376, x 0, y 0, z 50, scale_x 1, scale_y 1, scale_z 1, stimulusOn True
t 0.8165342, x 0, y 0, z 50, scale_x 1, scale_y 1, scale_z 1, stimulusOn True
t 0.8205867, x 0, y 0, z 50, scale_x 1, scale_y 1, scale_z 1, stimulusOn True
t 0.8245289, x 0, y 0, z 50, scale_x 1, scale_y 1, scale_z 1, stimulusOn True
t 0.8286583, x 0, y 0, z 50, scale_x 1, scale_y 1, scale_z 1, stimulusOn True
t 0.8324577, x 0, y 0, z 50, scale_x 1, scale_y 1, scale_z 1, stimulusOn True
t 0.8365442, x 0, y 0, z 50, scale_x 1, scale_y 1, scale_z 1, stimulusOn True
t 0.8406987, x 0, y 0, z 50, scale_x 1, scale_y 1, scale_z 1, stimulusOn True
t 0.8446321, x 0, y 0, z 50, scale_x 1, scale_y 1, scale_z 1, stimulusOn True
t 0.8486556, x 0, y 0, z 50, scale_x 1, scale_y 1, scale_z 1, stimulusOn True
t 0.852622, x 0, y 0, z 50, scale_x 1, scale_y 1, scale_z 1, stimulusOn True
t 0.8564848, x 0, y 0, z 50, scale_x 1, scale_y 1, scale_z 1, stimulusOn True
t 0.8605853, x 0, y 0, z 50, scale_x 1, scale_y 1, scale_z 1, stimulusOn True
t 0.8645613, x 0, y 0, z 50, scale_x 1, scale_y 1, scale_z 1, stimulusOn True
t 0.8683991, x 0, y 0, z 50, scale_x 1, scale_y 1, scale_z 1, stimulusOn True
t 0.8725582, x 0, y 0, z 50, scale_x 1, scale_y 1, scale_z 1, stimulusOn True
t 0.8765685, x 0, y 0, z 50, scale_x 1, scale_y 1, scale_z 1, stimulusOn True
t 0.8805178, x 0, y 0, z 50, scale_x 1, scale_y 1, scale_z 1, stimulusOn True
t 0.8846272, x 0, y 0, z 50, scale_x 1, scale_y 1, scale_z 1, stimulusOn True
t 0.8884108, x 0, y 0, z 50, scale_x 1, scale_y 1, scale_z 1, stimulusOn True
t 0.8926029, x 0, y 0, z 50, scale_x 1, scale_y 1, scale_z 1, stimulusOn True
t 0.896327, x 0, y 0, z 50, scale_x 1, scale_y 1, scale_z 1, stimulusOn True
t 0.9006965, x 0, y 0, z 50, scale_x 1, scale_y 1, scale_z 1, stimulusOn True
t 0.9044461, x 0, y 0, z 50, scale_x 1, scale_y 1, scale_z 1, stimulusOn True
t 0.90858, x 0, y 0, z 50, scale_x 1, scale_y 1, scale_z 1, stimulusOn True
t 0.9126052, x 0, y 0, z 50, scale_x 1, scale_y 1, scale_z 1, stimulusOn True
t 0.916447, x 0, y 0, z 50, scale_x 1, scale_y 1, scale_z 1, stimulusOn True
t 0.9205166, x 0, y 0, z 50, scale_x 1, scale_y 1, scale_z 1, stimulusOn True
t 0.924558, x 0, y 0, z 50, scale_x 1, scale_y 1, scale_z 1, stimulusOn True
t 0.9286188, x 0, y 0, z 50, scale_x 1, scale_y 1, scale_z 1, stimulusOn True
t 0.9323514, x 0, y 0, z 50, scale_x 1, scale_y 1, scale_z 1, stimulusOn True
t 0.9365942, x 0, y 0, z 50, scale_x 1, scale_y 1, scale_z 1, stimulusOn True
t 0.9405833, x 0, y 0, z 50, scale_x 1, scale_y 1, scale_z 1, stimulusOn True
t 0.9443191, x 0, y 0, z 50, scale_x 1, scale_y 1, scale_z 1, stimulusOn True
t 0.9485871, x 0, y 0, z 50, scale_x 1, scale_y 1, scale_z 1, stimulusOn True
t 0.9526652, x 0, y 0, z 50, scale_x 1, scale_y 1, scale_z 1, stimulusOn True
t 0.9565141, x 0, y 0, z 50, scale_x 1, scale_y 1, scale_z 1, stimulusOn True
t 0.9605674, x 0, y 0, z 50, scale_x 1, scale_y 1, scale_z 1, stimulusOn True
t 0.9646316, x 0, y 0, z 50, scale_x 1, scale_y 1, scale_z 1, stimulusOn True
t 0.9685923, x 0, y 0, z 50, scale_x 1, scale_y 1, scale_z 1, stimulusOn True
t 0.9725015, x 0, y 0, z 50, scale_x 1, scale_y 1, scale_z 1, stimulusOn True
t 0.9766083, x 0, y 0, z 50, scale_x 1, scale_y 1, scale_z 1, stimulusOn True
t 0.9805468, x 0, y 0, z 50, scale_x 1, scale_y 1, scale_z 1, stimulusOn True
t 0.98454, x 0, y 0, z 50, scale_x 1, scale_y 1, scale_z 1, stimulusOn True
t 0.9884198, x 0, y 0, z 50, scale_x 1, scale_y 1, scale_z 1, stimulusOn True
t 0.9925215, x 0, y 0, z 50, scale_x 1, scale_y 1, scale_z 1, stimulusOn True
t 0.9964215, x 0, y 0, z 50, scale_x 1, scale_y 1, scale_z 1, stimulusOn True
t 1.000625, x 0, y 0, z 50, scale_x 1, scale_y 1, scale_z 1, stimulusOn True
t 1.00435, x 0, y 0, z 50, scale_x 1, scale_y 1, scale_z 1, stimulusOn True
t 1.008641, x 0, y 0, z 50, scale_x 1, scale_y 1, scale_z 1, stimulusOn True
t 1.012497, x 0, y 0, z 50, scale_x 1, scale_y 1, scale_z 1, stimulusOn True
t 1.016482, x 0, y 0, z 50, scale_x 1, scale_y 1, scale_z 1, stimulusOn True
t 1.02059, x 0, y 0, z 50, scale_x 1, scale_y 1, scale_z 1, stimulusOn True
t 1.02445, x 0, y 0, z 50, scale_x 1, scale_y 1, scale_z 1, stimulusOn True
t 1.028562, x 0, y 0, z 50, scale_x 1, scale_y 1, scale_z 1, stimulusOn True
t 1.032591, x 0, y 0, z 50, scale_x 1, scale_y 1, scale_z 1, stimulusOn True
t 1.036568, x 0, y 0, z 50, scale_x 1, scale_y 1, scale_z 1, stimulusOn True
t 1.040549, x 0, y 0, z 50, scale_x 1, scale_y 1, scale_z 1, stimulusOn True
t 1.044645, x 0, y 0, z 50, scale_x 1, scale_y 1, scale_z 1, stimulusOn True
t 1.048409, x 0, y 0, z 50, scale_x 1, scale_y 1, scale_z 1, stimulusOn True
t 1.052596, x 0, y 0, z 50, scale_x 1, scale_y 1, scale_z 1, stimulusOn True
t 1.056601, x 0, y 0, z 50, scale_x 1, scale_y 1, scale_z 1, stimulusOn True
t 1.060527, x 0, y 0, z 50, scale_x 1, scale_y 1, scale_z 1, stimulusOn True
t 1.064375, x 0, y 0, z 50, scale_x 1, scale_y 1, scale_z 1, stimulusOn True
t 1.068615, x 0, y 0, z 50, scale_x 1, scale_y 1, scale_z 1, stimulusOn True
t 1.072497, x 0, y 0, z 50, scale_x 1, scale_y 1, scale_z 1, stimulusOn True
t 1.076666, x 0, y 0, z 50, scale_x 1, scale_y 1, scale_z 1, stimulusOn True
t 1.080463, x 0, y 0, z 50, scale_x 1, scale_y 1, scale_z 1, stimulusOn True
t 1.084562, x 0, y 0, z 50, scale_x 1, scale_y 1, scale_z 1, stimulusOn True
t 1.088465, x 0, y 0, z 50, scale_x 1, scale_y 1, scale_z 1, stimulusOn True
t 1.092512, x 0, y 0, z 50, scale_x 1, scale_y 1, scale_z 1, stimulusOn True
t 1.096574, x 0, y 0, z 50, scale_x 1, scale_y 1, scale_z 1, stimulusOn True
t 1.100572, x 0, y 0, z 50, scale_x 1, scale_y 1, scale_z 1, stimulusOn True
t 1.104375, x 0, y 0, z 50, scale_x 1, scale_y 1, scale_z 1, stimulusOn True
t 1.108656, x 0, y 0, z 50, scale_x 1, scale_y 1, scale_z 1, stimulusOn True
t 1.112606, x 0, y 0, z 50, scale_x 1, scale_y 1, scale_z 1, stimulusOn True
t 1.116651, x 0, y 0, z 50, scale_x 1, scale_y 1, scale_z 1, stimulusOn True
t 1.120611, x 0, y 0, z 50, scale_x 1, scale_y 1, scale_z 1, stimulusOn True
t 1.124523, x 0, y 0, z 50, scale_x 1, scale_y 1, scale_z 1, stimulusOn True
t 1.128581, x 0, y 0, z 50, scale_x 1, scale_y 1, scale_z 1, stimulusOn True
t 1.132606, x 0, y 0, z 50, scale_x 1, scale_y 1, scale_z 1, stimulusOn True
t 1.136419, x 0, y 0, z 50, scale_x 1, scale_y 1, scale_z 1, stimulusOn True
t 1.140383, x 0, y 0, z 50, scale_x 1, scale_y 1, scale_z 1, stimulusOn True
t 1.144317, x 0, y 0, z 50, scale_x 1, scale_y 1, scale_z 1, stimulusOn True
t 1.148475, x 0, y 0, z 50, scale_x 1, scale_y 1, scale_z 1, stimulusOn True
t 1.152586, x 0, y 0, z 50, scale_x 1, scale_y 1, scale_z 1, stimulusOn True
t 1.156526, x 0, y 0, z 50, scale_x 1, scale_y 1, scale_z 1, stimulusOn True
t 1.160582, x 0, y 0, z 50, scale_x 1, scale_y 1, scale_z 1, stimulusOn True
t 1.164496, x 0, y 0, z 50, scale_x 1, scale_y 1, scale_z 1, stimulusOn True
t 1.168568, x 0, y 0, z 50, scale_x 1, scale_y 1, scale_z 1, stimulusOn True
t 1.172466, x 0, y 0, z 50, scale_x 1, scale_y 1, scale_z 1, stimulusOn True
t 1.17661, x 0, y 0, z 50, scale_x 1, scale_y 1, scale_z 1, stimulusOn True
t 1.180409, x 0, y 0, z 50, scale_x 1, scale_y 1, scale_z 1, stimulusOn True
t 1.184414, x 0, y 0, z 50, scale_x 1, scale_y 1, scale_z 1, stimulusOn True
t 1.188473, x 0, y 0, z 50, scale_x 1, scale_y 1, scale_z 1, stimulusOn True
t 1.1924, x 0, y 0, z 50, scale_x 1, scale_y 1, scale_z 1, stimulusOn True
t 1.196462, x 0, y 0, z 50, scale_x 1, scale_y 1, scale_z 1, stimulusOn True
t 1.200668, x 0, y 0, z 50, scale_x 1, scale_y 1, scale_z 1, stimulusOn True
t 1.204416, x 0, y 0, z 50, scale_x 1, scale_y 1, scale_z 1, stimulusOn True
t 1.20853, x 0, y 0, z 50, scale_x 1, scale_y 1, scale_z 1, stimulusOn True
t 1.212348, x 0, y 0, z 50, scale_x 1, scale_y 1, scale_z 1, stimulusOn True
t 1.216681, x 0, y 0, z 50, scale_x 1, scale_y 1, scale_z 1, stimulusOn True
t 1.22057, x 0, y 0, z 50, scale_x 1, scale_y 1, scale_z 1, stimulusOn True
t 1.224583, x 0, y 0, z 50, scale_x 1, scale_y 1, scale_z 1, stimulusOn True
t 1.228699, x 0, y 0, z 50, scale_x 1, scale_y 1, scale_z 1, stimulusOn True
t 1.232599, x 0, y 0, z 50, scale_x 1, scale_y 1, scale_z 1, stimulusOn True
t 1.236541, x 0, y 0, z 50, scale_x 1, scale_y 1, scale_z 1, stimulusOn True
t 1.240609, x 0, y 0, z 50, scale_x 1, scale_y 1, scale_z 1, stimulusOn True
t 1.244463, x 0, y 0, z 50, scale_x 1, scale_y 1, scale_z 1, stimulusOn True
t 1.248588, x 0, y 0, z 50, scale_x 1, scale_y 1, scale_z 1, stimulusOn True
t 1.252536, x 0, y 0, z 50, scale_x 1, scale_y 1, scale_z 1, stimulusOn True
t 1.25659, x 0, y 0, z 50, scale_x 1, scale_y 1, scale_z 1, stimulusOn True
t 1.260499, x 0, y 0, z 50, scale_x 1, scale_y 1, scale_z 1, stimulusOn True
t 1.264636, x 0, y 0, z 50, scale_x 1, scale_y 1, scale_z 1, stimulusOn True
t 1.268724, x 0, y 0, z 50, scale_x 1, scale_y 1, scale_z 1, stimulusOn True
t 1.272333, x 0, y 0, z 50, scale_x 1, scale_y 1, scale_z 1, stimulusOn True
t 1.276447, x 0, y 0, z 50, scale_x 1, scale_y 1, scale_z 1, stimulusOn True
t 1.28037, x 0, y 0, z 50, scale_x 1, scale_y 1, scale_z 1, stimulusOn True
t 1.284264, x 0, y 0, z 50, scale_x 1, scale_y 1, scale_z 1, stimulusOn True
t 1.288254, x 0, y 0, z 50, scale_x 1, scale_y 1, scale_z 1, stimulusOn True
t 1.292233, x 0, y 0, z 50, scale_x 1, scale_y 1, scale_z 1, stimulusOn True
t 1.296483, x 0, y 0, z 50, scale_x 1, scale_y 1, scale_z 1, stimulusOn True
t 1.300426, x 0, y 0, z 50, scale_x 1, scale_y 1, scale_z 1, stimulusOn True
t 1.304242, x 0, y 0, z 50, scale_x 1, scale_y 1, scale_z 1, stimulusOn True
t 1.308697, x 0, y 0, z 50, scale_x 1, scale_y 1, scale_z 1, stimulusOn True
t 1.312566, x 0, y 0, z 50, scale_x 1, scale_y 1, scale_z 1, stimulusOn True
t 1.31646, x 0, y 0, z 50, scale_x 1, scale_y 1, scale_z 1, stimulusOn True
t 1.320552, x 0, y 0, z 50, scale_x 1, scale_y 1, scale_z 1, stimulusOn True
t 1.324578, x 0, y 0, z 50, scale_x 1, scale_y 1, scale_z 1, stimulusOn True
t 1.328762, x 0, y 0, z 50, scale_x 1, scale_y 1, scale_z 1, stimulusOn True
t 1.332814, x 0, y 0, z 50, scale_x 1, scale_y 1, scale_z 1, stimulusOn True
t 1.336714, x 0, y 0, z 50, scale_x 1, scale_y 1, scale_z 1, stimulusOn True
t 1.340725, x 0, y 0, z 50, scale_x 1, scale_y 1, scale_z 1, stimulusOn True
t 1.344434, x 0, y 0, z 50, scale_x 1, scale_y 1, scale_z 1, stimulusOn True
t 1.348614, x 0, y 0, z 50, scale_x 1, scale_y 1, scale_z 1, stimulusOn True
t 1.352617, x 0, y 0, z 50, scale_x 1, scale_y 1, scale_z 1, stimulusOn True
t 1.356501, x 0, y 0, z 50, scale_x 1, scale_y 1, scale_z 1, stimulusOn True
t 1.360508, x 0, y 0, z 50, scale_x 1, scale_y 1, scale_z 1, stimulusOn True
t 1.364514, x 0, y 0, z 50, scale_x 1, scale_y 1, scale_z 1, stimulusOn True
t 1.368373, x 0, y 0, z 50, scale_x 1, scale_y 1, scale_z 1, stimulusOn True
t 1.372478, x 0, y 0, z 50, scale_x 1, scale_y 1, scale_z 1, stimulusOn True
t 1.37664, x 0, y 0, z 50, scale_x 1, scale_y 1, scale_z 1, stimulusOn True
t 1.380596, x 0, y 0, z 50, scale_x 1, scale_y 1, scale_z 1, stimulusOn True
t 1.384563, x 0, y 0, z 50, scale_x 1, scale_y 1, scale_z 1, stimulusOn True
t 1.388447, x 0, y 0, z 50, scale_x 1, scale_y 1, scale_z 1, stimulusOn True
t 1.392606, x 0, y 0, z 50, scale_x 1, scale_y 1, scale_z 1, stimulusOn True
t 1.396391, x 0, y 0, z 50, scale_x 1, scale_y 1, scale_z 1, stimulusOn True
t 1.400594, x 0, y 0, z 50, scale_x 1, scale_y 1, scale_z 1, stimulusOn True
t 1.404392, x 0, y 0, z 50, scale_x 1, scale_y 1, scale_z 1, stimulusOn True
t 1.408525, x 0, y 0, z 50, scale_x 1, scale_y 1, scale_z 1, stimulusOn True
t 1.412605, x 0, y 0, z 50, scale_x 1, scale_y 1, scale_z 1, stimulusOn True
t 1.416615, x 0, y 0, z 50, scale_x 1, scale_y 1, scale_z 1, stimulusOn True
t 1.420681, x 0, y 0, z 50, scale_x 1, scale_y 1, scale_z 1, stimulusOn True
t 1.424511, x 0, y 0, z 50, scale_x 1, scale_y 1, scale_z 1, stimulusOn True
t 1.428797, x 0, y 0, z 50, scale_x 1, scale_y 1, scale_z 1, stimulusOn True
t 1.432578, x 0, y 0, z 50, scale_x 1, scale_y 1, scale_z 1, stimulusOn True
t 1.436577, x 0, y 0, z 50, scale_x 1, scale_y 1, scale_z 1, stimulusOn True
t 1.440427, x 0, y 0, z 50, scale_x 1, scale_y 1, scale_z 1, stimulusOn True
t 1.444441, x 0, y 0, z 50, scale_x 1, scale_y 1, scale_z 1, stimulusOn True
t 1.448649, x 0, y 0, z 50, scale_x 1, scale_y 1, scale_z 1, stimulusOn True
t 1.452512, x 0, y 0, z 50, scale_x 1, scale_y 1, scale_z 1, stimulusOn True
t 1.456615, x 0, y 0, z 50, scale_x 1, scale_y 1, scale_z 1, stimulusOn True
t 1.460536, x 0, y 0, z 50, scale_x 1, scale_y 1, scale_z 1, stimulusOn True
t 1.46454, x 0, y 0, z 50, scale_x 1, scale_y 1, scale_z 1, stimulusOn True
t 1.46859, x 0, y 0, z 50, scale_x 1, scale_y 1, scale_z 1, stimulusOn True
t 1.472536, x 0, y 0, z 50, scale_x 1, scale_y 1, scale_z 1, stimulusOn True
t 1.476332, x 0, y 0, z 50, scale_x 1, scale_y 1, scale_z 1, stimulusOn True
t 1.480605, x 0, y 0, z 50, scale_x 1, scale_y 1, scale_z 1, stimulusOn True
t 1.484654, x 0, y 0, z 50, scale_x 1, scale_y 1, scale_z 1, stimulusOn True
t 1.48849, x 0, y 0, z 50, scale_x 1, scale_y 1, scale_z 1, stimulusOn True
t 1.492611, x 0, y 0, z 50, scale_x 1, scale_y 1, scale_z 1, stimulusOn True
t 1.496355, x 0, y 0, z 50, scale_x 1, scale_y 1, scale_z 1, stimulusOn True
t 1.500576, x 0, y 0, z 50, scale_x 1, scale_y 1, scale_z 1, stimulusOn True
t 1.504385, x 0, y 0, z 50, scale_x 1, scale_y 1, scale_z 1, stimulusOn True
t 1.508439, x 0, y 0, z 50, scale_x 1, scale_y 1, scale_z 1, stimulusOn True
t 1.512573, x 0, y 0, z 50, scale_x 1, scale_y 1, scale_z 1, stimulusOn True
t 1.516601, x 0, y 0, z 50, scale_x 1, scale_y 1, scale_z 1, stimulusOn True
t 1.520511, x 0, y 0, z 50, scale_x 1, scale_y 1, scale_z 1, stimulusOn True
t 1.524502, x 0, y 0, z 50, scale_x 1, scale_y 1, scale_z 1, stimulusOn True
t 1.528637, x 0, y 0, z 50, scale_x 1, scale_y 1, scale_z 1, stimulusOn True
t 1.53252, x 0, y 0, z 50, scale_x 1, scale_y 1, scale_z 1, stimulusOn True
t 1.536672, x 0, y 0, z 50, scale_x 1, scale_y 1, scale_z 1, stimulusOn True
t 1.540569, x 0, y 0, z 50, scale_x 1, scale_y 1, scale_z 1, stimulusOn True
t 1.544552, x 0, y 0, z 50, scale_x 1, scale_y 1, scale_z 1, stimulusOn True
t 1.548553, x 0, y 0, z 50, scale_x 1, scale_y 1, scale_z 1, stimulusOn True
t 1.552404, x 0, y 0, z 50, scale_x 1, scale_y 1, scale_z 1, stimulusOn True
t 1.556519, x 0, y 0, z 50, scale_x 1, scale_y 1, scale_z 1, stimulusOn True
t 1.560658, x 0, y 0, z 50, scale_x 1, scale_y 1, scale_z 1, stimulusOn True
t 1.564433, x 0, y 0, z 50, scale_x 1, scale_y 1, scale_z 1, stimulusOn True
t 1.568578, x 0, y 0, z 50, scale_x 1, scale_y 1, scale_z 1, stimulusOn True
t 1.572711, x 0, y 0, z 50, scale_x 1, scale_y 1, scale_z 1, stimulusOn True
t 1.576525, x 0, y 0, z 50, scale_x 1, scale_y 1, scale_z 1, stimulusOn True
t 1.580582, x 0, y 0, z 50, scale_x 1, scale_y 1, scale_z 1, stimulusOn True
t 1.584535, x 0, y 0, z 50, scale_x 1, scale_y 1, scale_z 1, stimulusOn True
t 1.588519, x 0, y 0, z 50, scale_x 1, scale_y 1, scale_z 1, stimulusOn True
t 1.592601, x 0, y 0, z 50, scale_x 1, scale_y 1, scale_z 1, stimulusOn True
t 1.5965, x 0, y 0, z 50, scale_x 1, scale_y 1, scale_z 1, st