t, x1, y1, z1, scale_x1, scale_y1, scale_z1, x2, y2, z2, scale_x2, scale_y2, scale_z2, stimulusOn
0.02, -25, 0, 43.30127, 2, 2, 2, 25, 0, -43.30127, 1, 1, 1, False
0.07061538, -25, 0, 43.30127, 2, 2, 2, 25, 0, -43.30127, 1, 1, 1, False
0.07147918, -25, 0, 43.30127, 2, 2, 2, 25, 0, -43.30127, 1, 1, 1, False
0.07694721, -25, 0, 43.30127, 2, 2, 2, 25, 0, -43.30127, 1, 1, 1, False
0.08312231, -25, 0, 43.30127, 2, 2, 2, 25, 0, -43.30127, 1, 1, 1, False
0.08592861, -25, 0, 43.30127, 2, 2, 2, 25, 0, -43.30127, 1, 1, 1, False
0.08693136, -25, 0, 43.30127, 2, 2, 2, 25, 0, -43.30127, 1, 1, 1, False
0.08866347, -25, 0, 43.30127, 2, 2, 2, 25, 0, -43.30127, 1, 1, 1, False
0.09013409, -25, 0, 43.30127, 2, 2, 2, 25, 0, -43.30127, 1, 1, 1, False
0.09374075, -25, 0, 43.30127, 2, 2, 2, 25, 0, -43.30127, 1, 1, 1, False
0.1009893, -25, 0, 43.30127, 2, 2, 2, 25, 0, -43.30127, 1, 1, 1, False
0.104299, -25, 0, 43.30127, 2, 2, 2, 25, 0, -43.30127, 1, 1, 1, False
0.1086911, -25, 0, 43.30127, 2, 2, 2, 25, 0, -43.30127, 1, 1, 1, False
0.1130461, -25, 0, 43.30127, 2, 2, 2, 25, 0, -43.30127, 1, 1, 1, False
0.1195752, -25, 0, 43.30127, 2, 2, 2, 25, 0, -43.30127, 1, 1, 1, False
0.1236623, -25, 0, 43.30127, 2, 2, 2, 25, 0, -43.30127, 1, 1, 1, False
0.1286651, -25, 0, 43.30127, 2, 2, 2, 25, 0, -43.30127, 1, 1, 1, False
0.1363727, -25, 0, 43.30127, 2, 2, 2, 25, 0, -43.30127, 1, 1, 1, False
0.1372457, -25, 0, 43.30127, 2, 2, 2, 25, 0, -43.30127, 1, 1, 1, False
0.1418876, -25, 0, 43.30127, 2, 2, 2, 25, 0, -43.30127, 1, 1, 1, False
0.147769, -25, 0, 43.30127, 2, 2, 2, 25, 0, -43.30127, 1, 1, 1, False
0.1541138, -25, 0, 43.30127, 2, 2, 2, 25, 0, -43.30127, 1, 1, 1, False
0.1576797, -25, 0, 43.30127, 2, 2, 2, 25, 0, -43.30127, 1, 1, 1, False
0.1621589, -25, 0, 43.30127, 2, 2, 2, 25, 0, -43.30127, 1, 1, 1, False
0.1742531, -25, 0, 43.30127, 2, 2, 2, 25, 0, -43.30127, 1, 1, 1, False
0.1756875, -25, 0, 43.30127, 2, 2, 2, 25, 0, -43.30127, 1, 1, 1, False
0.176896, -25, 0, 43.30127, 2, 2, 2, 25, 0, -43.30127, 1, 1, 1, False
0.1792327, -25, 0, 43.30127, 2, 2, 2, 25, 0, -43.30127, 1, 1, 1, False
0.1845788, -25, 0, 43.30127, 2, 2, 2, 25, 0, -43.30127, 1, 1, 1, False
0.1882505, -25, 0, 43.30127, 2, 2, 2, 25, 0, -43.30127, 1, 1, 1, False
0.1922142, -25, 0, 43.30127, 2, 2, 2, 25, 0, -43.30127, 1, 1, 1, False
0.1996587, -25, 0, 43.30127, 2, 2, 2, 25, 0, -43.30127, 1, 1, 1, False
0.2041455, -25, 0, 43.30127, 2, 2, 2, 25, 0, -43.30127, 1, 1, 1, False
0.2076126, -25, 0, 43.30127, 2, 2, 2, 25, 0, -43.30127, 1, 1, 1, False
0.212299, -25, 0, 43.30127, 2, 2, 2, 25, 0, -43.30127, 1, 1, 1, False
0.2209193, -25, 0, 43.30127, 2, 2, 2, 25, 0, -43.30127, 1, 1, 1, False
0.2224359, -25, 0, 43.30127, 2, 2, 2, 25, 0, -43.30127, 1, 1, 1, False
0.2246565, -25, 0, 43.30127, 2, 2, 2, 25, 0, -43.30127, 1, 1, 1, False
0.2287623, -25, 0, 43.30127, 2, 2, 2, 25, 0, -43.30127, 1, 1, 1, False
0.232934, -25, 0, 43.30127, 2, 2, 2, 25, 0, -43.30127, 1, 1, 1, False
0.236438, -25, 0, 43.30127, 2, 2, 2, 25, 0, -43.30127, 1, 1, 1, False
0.2420956, -25, 0, 43.30127, 2, 2, 2, 25, 0, -43.30127, 1, 1, 1, False
0.2443186, -25, 0, 43.30127, 2, 2, 2, 25, 0, -43.30127, 1, 1, 1, False
0.2527428, -25, 0, 43.30127, 2, 2, 2, 25, 0, -43.30127, 1, 1, 1, False
0.2541738, -25, 0, 43.30127, 2, 2, 2, 25, 0, -43.30127, 1, 1, 1, False
0.258659, -25, 0, 43.30127, 2, 2, 2, 25, 0, -43.30127, 1, 1, 1, False
0.2632437, -25, 0, 43.30127, 2, 2, 2, 25, 0, -43.30127, 1, 1, 1, False
0.2721295, -25, 0, 43.30127, 2, 2, 2, 25, 0, -43.30127, 1, 1, 1, False
0.273742, -25, 0, 43.30127, 2, 2, 2, 25, 0, -43.30127, 1, 1, 1, False
0.2763193, -25, 0, 43.30127, 2, 2, 2, 25, 0, -43.30127, 1, 1, 1, False
0.2799619, -25, 0, 43.30127, 2, 2, 2, 25, 0, -43.30127, 1, 1, 1, False
0.2855666, -25, 0, 43.30127, 2, 2, 2, 25, 0, -43.30127, 1, 1, 1, False
0.2884767, -25, 0, 43.30127, 2, 2, 2, 25, 0, -43.30127, 1, 1, 1, False
0.2926405, -25, 0, 43.30127, 2, 2, 2, 25, 0, -43.30127, 1, 1, 1, False
0.2969486, -25, 0, 43.30127, 2, 2, 2, 25, 0, -43.30127, 1, 1, 1, False
0.3042724, -25, 0, 43.30127, 2, 2, 2, 25, 0, -43.30127, 1, 1, 1, False
0.3070636, -25, 0, 43.30127, 2, 2, 2, 25, 0, -43.30127, 1, 1, 1, False
0.3107942, -25, 0, 43.30127, 2, 2, 2, 25, 0, -43.30127, 1, 1, 1, False
0.3174488, -25, 0, 43.30127, 2, 2, 2, 25, 0, -43.30127, 1, 1, 1, False
0.3220122, -25, 0, 43.30127, 2, 2, 2, 25, 0, -43.30127, 1, 1, 1, False
0.3245634, -25, 0, 43.30127, 2, 2, 2, 25, 0, -43.30127, 1, 1, 1, False
0.3279458, -25, 0, 43.30127, 2, 2, 2, 25, 0, -43.30127, 1, 1, 1, False
0.3373754, -25, 0, 43.30127, 2, 2, 2, 25, 0, -43.30127, 1, 1, 1, False
0.3401493, -25, 0, 43.30127, 2, 2, 2, 25, 0, -43.30127, 1, 1, 1, False
0.3418572, -25, 0, 43.30127, 2, 2, 2, 25, 0, -43.30127, 1, 1, 1, False
0.3441702, -25, 0, 43.30127, 2, 2, 2, 25, 0, -43.30127, 1, 1, 1, False
0.3510893, -25, 0, 43.30127, 2, 2, 2, 25, 0, -43.30127, 1, 1, 1, False
0.3554064, -25, 0, 43.30127, 2, 2, 2, 25, 0, -43.30127, 1, 1, 1, False
0.3580242, -25, 0, 43.30127, 2, 2, 2, 25, 0, -43.30127, 1, 1, 1, False
0.3609339, -25, 0, 43.30127, 2, 2, 2, 25, 0, -43.30127, 1, 1, 1, False
0.3789593, -25, 0, 43.30127, 2, 2, 2, 25, 0, -43.30127, 1, 1, 1, False
0.3812962, -25, 0, 43.30127, 2, 2, 2, 25, 0, -43.30127, 1, 1, 1, False
0.393819, -25, 0, 43.30127, 2, 2, 2, 25, 0, -43.30127, 1, 1, 1, False
0.395888, -25, 0, 43.30127, 2, 2, 2, 25, 0, -43.30127, 1, 1, 1, False
0.399355, -25, 0, 43.30127, 2, 2, 2, 25, 0, -43.30127, 1, 1, 1, False
0.404153, -25, 0, 43.30127, 2, 2, 2, 25, 0, -43.30127, 1, 1, 1, False
0.4064698, -25, 0, 43.30127, 2, 2, 2, 25, 0, -43.30127, 1, 1, 1, False
0.4091832, -25, 0, 43.30127, 2, 2, 2, 25, 0, -43.30127, 1, 1, 1, False
0.4119671, -25, 0, 43.30127, 2, 2, 2, 25, 0, -43.30127, 1, 1, 1, False
0.4148176, -25, 0, 43.30127, 2, 2, 2, 25, 0, -43.30127, 1, 1, 1, False
0.4208351, -25, 0, 43.30127, 2, 2, 2, 25, 0, -43.30127, 1, 1, 1, False
0.4241448, -25, 0, 43.30127, 2, 2, 2, 25, 0, -43.30127, 1, 1, 1, False
0.4267776, -25, 0, 43.30127, 2, 2, 2, 25, 0, -43.30127, 1, 1, 1, False
0.4288093, -25, 0, 43.30127, 2, 2, 2, 25, 0, -43.30127, 1, 1, 1, False
0.4316013, -25, 0, 43.30127, 2, 2, 2, 25, 0, -43.30127, 1, 1, 1, False
0.4364794, -25, 0, 43.30127, 2, 2, 2, 25, 0, -43.30127, 1, 1, 1, False
0.4388871, -25, 0, 43.30127, 2, 2, 2, 25, 0, -43.30127, 1, 1, 1, False
0.4412029, -25, 0, 43.30127, 2, 2, 2, 25, 0, -43.30127, 1, 1, 1, False
0.4449686, -25, 0, 43.30127, 2, 2, 2, 25, 0, -43.30127, 1, 1, 1, False
0.4513862, -25, 0, 43.30127, 2, 2, 2, 25, 0, -43.30127, 1, 1, 1, False
0.4542727, -25, 0, 43.30127, 2, 2, 2, 25, 0, -43.30127, 1, 1, 1, False
0.4579743, -25, 0, 43.30127, 2, 2, 2, 25, 0, -43.30127, 1, 1, 1, False
0.4601863, -25, 0, 43.30127, 2, 2, 2, 25, 0, -43.30127, 1, 1, 1, False
0.4651191, -25, 0, 43.30127, 2, 2, 2, 25, 0, -43.30127, 1, 1, 1, False
0.4701565, -25, 0, 43.30127, 2, 2, 2, 25, 0, -43.30127, 1, 1, 1, False
0.472973, -25, 0, 43.30127, 2, 2, 2, 25, 0, -43.30127, 1, 1, 1, False
0.4757612, -25, 0, 43.30127, 2, 2, 2, 25, 0, -43.30127, 1, 1, 1, False
0.480491, -25, 0, 43.30127, 2, 2, 2, 25, 0, -43.30127, 1, 1, 1, False
0.4880339, -25, 0, 43.30127, 2, 2, 2, 25, 0, -43.30127, 1, 1, 1, False
0.4909019, -25, 0, 43.30127, 2, 2, 2, 25, 0, -43.30127, 1, 1, 1, False
0.4937762, -25, 0, 43.30127, 2, 2, 2, 25, 0, -43.30127, 1, 1, 1, False
0.4979952, -25, 0, 43.30127, 2, 2, 2, 25, 0, -43.30127, 1, 1, 1, False
0.5036619, -25, 0, 43.30127, 2, 2, 2, 25, 0, -43.30127, 1, 1, 1, False
0.5059978, -25, 0, 43.30127, 2, 2, 2, 25, 0, -43.30127, 1, 1, 1, False
0.5088921, -25, 0, 43.30127, 2, 2, 2, 25, 0, -43.30127, 1, 1, 1, False
0.511745, -25, 0, 43.30127, 2, 2, 2, 25, 0, -43.30127, 1, 1, 1, False
0.5152242, -25, 0, 43.30127, 2, 2, 2, 25, 0, -43.30127, 1, 1, 1, False
0.521171, -25, 0, 43.30127, 2, 2, 2, 25, 0, -43.30127, 1, 1, 1, False
0.5229723, -25, 0, 43.30127, 2, 2, 2, 25, 0, -43.30127, 1, 1, 1, False
0.5248663, -25, 0, 43.30127, 2, 2, 2, 25, 0, -43.30127, 1, 1, 1, False
0.530371, -25, 0, 43.30127, 2, 2, 2, 25, 0, -43.30127, 1, 1, 1, False
0.5369564, -25, 0, 43.30127, 2, 2, 2, 25, 0, -43.30127, 1, 1, 1, False
0.5404509, -25, 0, 43.30127, 2, 2, 2, 25, 0, -43.30127, 1, 1, 1, False
0.5427556, -25, 0, 43.30127, 2, 2, 2, 25, 0, -43.30127, 1, 1, 1, False
0.5455744, -25, 0, 43.30127, 2, 2, 2, 25, 0, -43.30127, 1, 1, 1, False
0.5525265, -25, 0, 43.30127, 2, 2, 2, 25, 0, -43.30127, 1, 1, 1, False
0.5550598, -25, 0, 43.30127, 2, 2, 2, 25, 0, -43.30127, 1, 1, 1, False
0.5576323, -25, 0, 43.30127, 2, 2, 2, 25, 0, -43.30127, 1, 1, 1, False
0.5597633, -25, 0, 43.30127, 2, 2, 2, 25, 0, -43.30127, 1, 1, 1, False
0.5622005, -25, 0, 43.30127, 2, 2, 2, 25, 0, -43.30127, 1, 1, 1, False
0.5664204, -25, 0, 43.30127, 2, 2, 2, 25, 0, -43.30127, 1, 1, 1, False
0.5713496, -25, 0, 43.30127, 2, 2, 2, 25, 0, -43.30127, 1, 1, 1, False
0.5748278, -25, 0, 43.30127, 2, 2, 2, 25, 0, -43.30127, 1, 1, 1, False
0.5769552, -25, 0, 43.30127, 2, 2, 2, 25, 0, -43.30127, 1, 1, 1, False
0.5827637, -25, 0, 43.30127, 2, 2, 2, 25, 0, -43.30127, 1, 1, 1, False
0.5878943, -25, 0, 43.30127, 2, 2, 2, 25, 0, -43.30127, 1, 1, 1, False
0.5918396, -25, 0, 43.30127, 2, 2, 2, 25, 0, -43.30127, 1, 1, 1, False
0.6734644, -25, 0, 43.30127, 2, 2, 2, 25, 0, -43.30127, 1, 1, 1, False
0.6751125, -25, 0, 43.30127, 2, 2, 2, 25, 0, -43.30127, 1, 1, 1, False
0.6803009, -25, 0, 43.30127, 2, 2, 2, 25, 0, -43.30127, 1, 1, 1, False
0.6948341, -25, 0, 43.30127, 2, 2, 2, 25, 0, -43.30127, 1, 1, 1, False
0.6989984, -25, 0, 43.30127, 2, 2, 2, 25, 0, -43.30127, 1, 1, 1, False
0.7082725, -25, 0, 43.30127, 2, 2, 2, 25, 0, -43.30127, 1, 1, 1, False
0.7108663, -25, 0, 43.30127, 2, 2, 2, 25, 0, -43.30127, 1, 1, 1, False
0.7156591, -25, 0, 43.30127, 2, 2, 2, 25, 0, -43.30127, 1, 1, 1, False
0.7256639, -25, 0, 43.30127, 2, 2, 2, 25, 0, -43.30127, 1, 1, 1, False
0.7285508, -25, 0, 43.30127, 2, 2, 2, 25, 0, -43.30127, 1, 1, 1, False
0.7321999, -25, 0, 43.30127, 2, 2, 2, 25, 0, -43.30127, 1, 1, 1, False
0.7417721, -25, 0, 43.30127, 2, 2, 2, 25, 0, -43.30127, 1, 1, 1, False
0.7531105, -25, 0, 43.30127, 2, 2, 2, 25, 0, -43.30127, 1, 1, 1, False
0.7602554, -25, 0, 43.30127, 2, 2, 2, 25, 0, -43.30127, 1, 1, 1, False
0.764371, -25, 0, 43.30127, 2, 2, 2, 25, 0, -43.30127, 1, 1, 1, False
0.773801, -25, 0, 43.30127, 2, 2, 2, 25, 0, -43.30127, 1, 1, 1, False
0.7764376, -25, 0, 43.30127, 2, 2, 2, 25, 0, -43.30127, 1, 1, 1, False
0.7777981, -25, 0, 43.30127, 2, 2, 2, 25, 0, -43.30127, 1, 1, 1, False
0.7806969, -25, 0, 43.30127, 2, 2, 2, 25, 0, -43.30127, 1, 1, 1, False
0.7847095, -25, 0, 43.30127, 2, 2, 2, 25, 0, -43.30127, 1, 1, 1, False
0.7908252, -25, 0, 43.30127, 2, 2, 2, 25, 0, -43.30127, 1, 1, 1, False
0.7934935, -25, 0, 43.30127, 2, 2, 2, 25, 0, -43.30127, 1, 1, 1, False
0.7983375, -25, 0, 43.30127, 2, 2, 2, 25, 0, -43.30127, 1, 1, 1, False
0.8375934, -25, 0, 43.30127, 2, 2, 2, 25, 0, -43.30127, 1, 1, 1, False
0.8386731, -25, 0, 43.30127, 2, 2, 2, 25, 0, -43.30127, 1, 1, 1, False
0.841302, -25, 0, 43.30127, 2, 2, 2, 25, 0, -43.30127, 1, 1, 1, False
0.8449162, -25, 0, 43.30127, 2, 2, 2, 25, 0, -43.30127, 1, 1, 1, False
0.8495194, -25, 0, 43.30127, 2, 2, 2, 25, 0, -43.30127, 1, 1, 1, False
0.8606049, -25, 0, 43.30127, 2, 2, 2, 25, 0, -43.30127, 1, 1, 1, False
0.8663217, -25, 0, 43.30127, 2, 2, 2, 25, 0, -43.30127, 1, 1, 1, False
0.8741289, -25, 0, 43.30127, 2, 2, 2, 25, 0, -43.30127, 1, 1, 1, False
0.8763925, -25, 0, 43.30127, 2, 2, 2, 25, 0, -43.30127, 1, 1, 1, False
0.8793106, -25, 0, 43.30127, 2, 2, 2, 25, 0, -43.30127, 1, 1, 1, False
0.8813987, -25, 0, 43.30127, 2, 2, 2, 25, 0, -43.30127, 1, 1, 1, False
0.890211, -25, 0, 43.30127, 2, 2, 2, 25, 0, -43.30127, 1, 1, 1, False
0.8917062, -25, 0, 43.30127, 2, 2, 2, 25, 0, -43.30127, 1, 1, 1, False
0.8956276, -25, 0, 43.30127, 2, 2, 2, 25, 0, -43.30127, 1, 1, 1, False
0.9091229, -25, 0, 43.30127, 2, 2, 2, 25, 0, -43.30127, 1, 1, 1, False
0.9128417, -25, 0, 43.30127, 2, 2, 2, 25, 0, -43.30127, 1, 1, 1, False
0.9222459, -25, 0, 43.30127, 2, 2, 2, 25, 0, -43.30127, 1, 1, 1, False
0.9252017, -25, 0, 43.30127, 2, 2, 2, 25, 0, -43.30127, 1, 1, 1, False
0.9278355, -25, 0, 43.30127, 2, 2, 2, 25, 0, -43.30127, 1, 1, 1, False
0.9434622, -25, 0, 43.30127, 2, 2, 2, 25, 0, -43.30127, 1, 1, 1, False
0.9827763, -25, 0, 43.30127, 2, 2, 2, 25, 0, -43.30127, 1, 1, 1, False
0.9851277, -25, 0, 43.30127, 2, 2, 2, 25, 0, -43.30127, 1, 1, 1, False
0.9905191, -25, 0, 43.30127, 2, 2, 2, 25, 0, -43.30127, 1, 1, 1, False
0.9924113, -25, 0, 43.30127, 2, 2, 2, 25, 0, -43.30127, 1, 1, 1, False
0.9952182, -25, 0, 43.30127, 2, 2, 2, 25, 0, -43.30127, 1, 1, 1, False
0.9990233, -25, 0, 43.30127, 2, 2, 2, 25, 0, -43.30127, 1, 1, 1, False
1.005215, -25, 0, 43.30127, 2, 2, 2, 25, 0, -43.30127, 1, 1, 1, False
1.008108, -25, 0, 43.30127, 2, 2, 2, 25, 0, -43.30127, 1, 1, 1, False
1.009318, -25, 0, 43.30127, 2, 2, 2, 25, 0, -43.30127, 1, 1, 1, False
1.013731, -25, 0, 43.30127, 2, 2, 2, 25, 0, -43.30127, 1, 1, 1, False
1.021745, -25, 0, 43.30127, 2, 2, 2, 25, 0, -43.30127, 1, 1, 1, False
1.023354, -25, 0, 43.30127, 2, 2, 2, 25, 0, -43.30127, 1, 1, 1, False
1.025085, -25, 0, 43.30127, 2, 2, 2, 25, 0, -43.30127, 1, 1, 1, False
1.026039, -25, 0, 43.30127, 2, 2, 2, 25, 0, -43.30127, 1, 1, 1, False
1.032508, -25, 0, 43.30127, 2, 2, 2, 25, 0, -43.30127, 1, 1, 1, False
1.040552, -25, 0, 43.30127, 2, 2, 2, 25, 0, -43.30127, 1, 1, 1, False
1.042205, -25, 0, 43.30127, 2, 2, 2, 25, 0, -43.30127, 1, 1, 1, False
1.055858, -25, 0, 43.30127, 2, 2, 2, 25, 0, -43.30127, 1, 1, 1, False
1.058702, -25, 0, 43.30127, 2, 2, 2, 25, 0, -43.30127, 1, 1, 1, False
1.060431, -25, 0, 43.30127, 2, 2, 2, 25, 0, -43.30127, 1, 1, 1, False
1.062504, -25, 0, 43.30127, 2, 2, 2, 25, 0, -43.30127, 1, 1, 1, False
1.06895, -25, 0, 43.30127, 2, 2, 2, 25, 0, -43.30127, 1, 1, 1, False
1.072101, -25, 0, 43.30127, 2, 2, 2, 25, 0, -43.30127, 1, 1, 1, False
1.073502, -25, 0, 43.30127, 2, 2, 2, 25, 0, -43.30127, 1, 1, 1, False
1.074504, -25, 0, 43.30127, 2, 2, 2, 25, 0, -43.30127, 1, 1, 1, False
1.080865, -25, 0, 43.30127, 2, 2, 2, 25, 0, -43.30127, 1, 1, 1, False
1.084617, -25, 0, 43.30127, 2, 2, 2, 25, 0, -43.30127, 1, 1, 1, False
1.087535, -25, 0, 43.30127, 2, 2, 2, 25, 0, -43.30127, 1, 1, 1, False
1.089743, -25, 0, 43.30127, 2, 2, 2, 25, 0, -43.30127, 1, 1, 1, False
1.095529, -25, 0, 43.30127, 2, 2, 2, 25, 0, -43.30127, 1, 1, 1, False
1.103016, -25, 0, 43.30127, 2, 2, 2, 25, 0, -43.30127, 1, 1, 1, False
1.106359, -25, 0, 43.30127, 2, 2, 2, 25, 0, -43.30127, 1, 1, 1, False
1.109379, -25, 0, 43.30127, 2, 2, 2, 25, 0, -43.30127, 1, 1, 1, False
1.111905, -25, 0, 43.30127, 2, 2, 2, 25, 0, -43.30127, 1, 1, 1, False
1.119612, -25, 0, 43.30127, 2, 2, 2, 25, 0, -43.30127, 1, 1, 1, False
1.123012, -25, 0, 43.30127, 2, 2, 2, 25, 0, -43.30127, 1, 1, 1, False
1.125602, -25, 0, 43.30127, 2, 2, 2, 25, 0, -43.30127, 1, 1, 1, False
1.1279, -25, 0, 43.30127, 2, 2, 2, 25, 0, -43.30127, 1, 1, 1, False
1.135024, -25, 0, 43.30127, 2, 2, 2, 25, 0, -43.30127, 1, 1, 1, False
1.137051, -25, 0, 43.30127, 2, 2, 2, 25, 0, -43.30127, 1, 1, 1, False
1.139654, -25, 0, 43.30127, 2, 2, 2, 25, 0, -43.30127, 1, 1, 1, False
1.144397, -25, 0, 43.30127, 2, 2, 2, 25, 0, -43.30127, 1, 1, 1, False
1.154213, -25, 0, 43.30127, 2, 2, 2, 25, 0, -43.30127, 1, 1, 1, False
1.158079, -25, 0, 43.30127, 2, 2, 2, 25, 0, -43.30127, 1, 1, 1, False
1.159806, -25, 0, 43.30127, 2, 2, 2, 25, 0, -43.30127, 1, 1, 1, False
1.16175, -25, 0, 43.30127, 2, 2, 2, 25, 0, -43.30127, 1, 1, 1, False
1.170911, -25, 0, 43.30127, 2, 2, 2, 25, 0, -43.30127, 1, 1, 1, False
1.173316, -25, 0, 43.30127, 2, 2, 2, 25, 0, -43.30127, 1, 1, 1, False
1.175431, -25, 0, 43.30127, 2, 2, 2, 25, 0, -43.30127, 1, 1, 1, False
1.1792, -25, 0, 43.30127, 2, 2, 2, 25, 0, -43.30127, 1, 1, 1, False
1.184526, -25, 0, 43.30127, 2, 2, 2, 25, 0, -43.30127, 1, 1, 1, False
1.186115, -25, 0, 43.30127, 2, 2, 2, 25, 0, -43.30127, 1, 1, 1, False
1.189178, -25, 0, 43.30127, 2, 2, 2, 25, 0, -43.30127, 1, 1, 1, False
1.195328, -25, 0, 43.30127, 2, 2, 2, 25, 0, -43.30127, 1, 1, 1, False
1.204965, -25, 0, 43.30127, 2, 2, 2, 25, 0, -43.30127, 1, 1, 1, False
1.208216, -25, 0, 43.30127, 2, 2, 2, 25, 0, -43.30127, 1, 1, 1, False
1.209833, -25, 0, 43.30127, 2, 2, 2, 25, 0, -43.30127, 1, 1, 1, False
1.211619, -25, 0, 43.30127, 2, 2, 2, 25, 0, -43.30127, 1, 1, 1, False
1.221106, -25, 0, 43.30127, 2, 2, 2, 25, 0, -43.30127, 1, 1, 1, False
1.223414, -25, 0, 43.30127, 2, 2, 2, 25, 0, -43.30127, 1, 1, 1, False
1.225658, -25, 0, 43.30127, 2, 2, 2, 25, 0, -43.30127, 1, 1, 1, False
1.229608, -25, 0, 43.30127, 2, 2, 2, 25, 0, -43.30127, 1, 1, 1, False
1.234831, -25, 0, 43.30127, 2, 2, 2, 25, 0, -43.30127, 1, 1, 1, False
1.237391, -25, 0, 43.30127, 2, 2, 2, 25, 0, -43.30127, 1, 1, 1, False
1.240604, -25, 0, 43.30127, 2, 2, 2, 25, 0, -43.30127, 1, 1, 1, False
1.24621, -25, 0, 43.30127, 2, 2, 2, 25, 0, -43.30127, 1, 1, 1, False
1.255542, -25, 0, 43.30127, 2, 2, 2, 25, 0, -43.30127, 1, 1, 1, False
1.2575, -25, 0, 43.30127, 2, 2, 2, 25, 0, -43.30127, 1, 1, 1, False
1.260217, -25, 0, 43.30127, 2, 2, 2, 25, 0, -43.30127, 1, 1, 1, False
1.265743, -25, 0, 43.30127, 2, 2, 2, 25, 0, -43.30127, 1, 1, 1, False
1.268363, -25, 0, 43.30127, 2, 2, 2, 25, 0, -43.30127, 1, 1, 1, False
1.272202, -25, 0, 43.30127, 2, 2, 2, 25, 0, -43.30127, 1, 1, 1, False
1.275595, -25, 0, 43.30127, 2, 2, 2, 25, 0, -43.30127, 1, 1, 1, False
1.279657, -25, 0, 43.30127, 2, 2, 2, 25, 0, -43.30127, 1, 1, 1, False
1.284734, -25, 0, 43.30127, 2, 2, 2, 25, 0, -43.30127, 1, 1, 1, False
1.287423, -25, 0, 43.30127, 2, 2, 2, 25, 0, -43.30127, 1, 1, 1, False
1.290586, -25, 0, 43.30127, 2, 2, 2, 25, 0, -43.30127, 1, 1, 1, False
1.296321, -25, 0, 43.30127, 2, 2, 2, 25, 0, -43.30127, 1, 1, 1, False
1.305178, -25, 0, 43.30127, 2, 2, 2, 25, 0, -43.30127, 1, 1, 1, False
1.30722, -25, 0, 43.30127, 2, 2, 2, 25, 0, -43.30127, 1, 1, 1, False
1.310209, -25, 0, 43.30127, 2, 2, 2, 25, 0, -43.30127, 1, 1, 1, False
1.315937, -25, 0, 43.30127, 2, 2, 2, 25, 0, -43.30127, 1, 1, 1, False
1.320948, -25, 0, 43.30127, 2, 2, 2, 25, 0, -43.30127, 1, 1, 1, False
1.323394, -25, 0, 43.30127, 2, 2, 2, 25, 0, -43.30127, 1, 1, 1, False
1.326204, -25, 0, 43.30127, 2, 2, 2, 25, 0, -43.30127, 1, 1, 1, False
1.332327, -25, 0, 43.30127, 2, 2, 2, 25, 0, -43.30127, 1, 1, 1, False
1.336305, -25, 0, 43.30127, 2, 2, 2, 25, 0, -43.30127, 1, 1, 1, False
1.338049, -25, 0, 43.30127, 2, 2, 2, 25, 0, -43.30127, 1, 1, 1, False
1.341148, -25, 0, 43.30127, 2, 2, 2, 25, 0, -43.30127, 1, 1, 1, False
1.348028, -25, 0, 43.30127, 2, 2, 2, 25, 0, -43.30127, 1, 1, 1, False
1.354593, -25, 0, 43.30127, 2, 2, 2, 25, 0, -43.30127, 1, 1, 1, False
1.357015, -25, 0, 43.30127, 2, 2, 2, 25, 0, -43.30127, 1, 1, 1, False
1.359204, -25, 0, 43.30127, 2, 2, 2, 25, 0, -43.30127, 1, 1, 1, False
1.366718, -25, 0, 43.30127, 2, 2, 2, 25, 0, -43.30127, 1, 1, 1, False
1.37153, -25, 0, 43.30127, 2, 2, 2, 25, 0, -43.30127, 1, 1, 1, False
1.373514, -25, 0, 43.30127, 2, 2, 2, 25, 0, -43.30127, 1, 1, 1, False
1.375761, -25, 0, 43.30127, 2, 2, 2, 25, 0, -43.30127, 1, 1, 1, False
1.381207, -25, 0, 43.30127, 2, 2, 2, 25, 0, -43.30127, 1, 1, 1, False
1.383559, -25, 0, 43.30127, 2, 2, 2, 25, 0, -43.30127, 1, 1, 1, False
1.388024, -25, 0, 43.30127, 2, 2, 2, 25, 0, -43.30127, 1, 1, 1, False
1.391198, -25, 0, 43.30127, 2, 2, 2, 25, 0, -43.30127, 1, 1, 1, False
1.395941, -25, 0, 43.30127, 2, 2, 2, 25, 0, -43.30127, 1, 1, 1, False
1.404462, -25, 0, 43.30127, 2, 2, 2, 25, 0, -43.30127, 1, 1, 1, False
1.407743, -25, 0, 43.30127, 2, 2, 2, 25, 0, -43.30127, 1, 1, 1, False
1.40951, -25, 0, 43.30127, 2, 2, 2, 25, 0, -43.30127, 1, 1, 1, False
1.413114, -25, 0, 43.30127, 2, 2, 2, 25, 0, -43.30127, 1, 1, 1, False
1.420223, -25, 0, 43.30127, 2, 2, 2, 25, 0, -43.30127, 1, 1, 1, False
1.422291, -25, 0, 43.30127, 2, 2, 2, 25, 0, -43.30127, 1, 1, 1, False
1.424605, -25, 0, 43.30127, 2, 2, 2, 25, 0, -43.30127, 1, 1, 1, False
1.430861, -25, 0, 43.30127, 2, 2, 2, 25, 0, -43.30127, 1, 1, 1, False
1.43591, -25, 0, 43.30127, 2, 2, 2, 25, 0, -43.30127, 1, 1, 1, False
1.437921, -25, 0, 43.30127, 2, 2, 2, 25, 0, -43.30127, 1, 1, 1, False
1.440037, -25, 0, 43.30127, 2, 2, 2, 25, 0, -43.30127, 1, 1, 1, False
1.446427, -25, 0, 43.30127, 2, 2, 2, 25, 0, -43.30127, 1, 1, 1, False
1.451706, -25, 0, 43.30127, 2, 2, 2, 25, 0, -43.30127, 1, 1, 1, False
1.454824, -25, 0, 43.30127, 2, 2, 2, 25, 0, -43.30127, 1, 1, 1, False
1.458234, -25, 0, 43.30127, 2, 2, 2, 25, 0, -43.30127, 1, 1, 1, False
1.460019, -25, 0, 43.30127, 2, 2, 2, 25, 0, -43.30127, 1, 1, 1, False
1.467513, -25, 0, 43.30127, 2, 2, 2, 25, 0, -43.30127, 1, 1, 1, False
1.471453, -25, 0, 43.30127, 2, 2, 2, 25, 0, -43.30127, 1, 1, 1, False
1.473444, -25, 0, 43.30127, 2, 2, 2, 25, 0, -43.30127, 1, 1, 1, False
1.477053, -25, 0, 43.30127, 2, 2, 2, 25, 0, -43.30127, 1, 1, 1, False
1.481989, -25, 0, 43.30127, 2, 2, 2, 25, 0, -43.30127, 1, 1, 1, False
1.484543, -25, 0, 43.30127, 2, 2, 2, 25, 0, -43.30127, 1, 1, 1, False
1.488171, -25, 0, 43.30127, 2, 2, 2, 25, 0, -43.30127, 1, 1, 1, False
1.491811, -25, 0, 43.30127, 2, 2, 2, 25, 0, -43.30127, 1, 1, 1, False
1.496758, -25, 0, 43.30127, 2, 2, 2, 25, 0, -43.30127, 1, 1, 1, False
1.50232, -25, 0, 43.30127, 2, 2, 2, 25, 0, -43.30127, 1, 1, 1, False
1.505926, -25, 0, 43.30127, 2, 2, 2, 25, 0, -43.30127, 1, 1, 1, False
1.509285, -25, 0, 43.30127, 2, 2, 2, 25, 0, -43.30127, 1, 1, 1, False
1.514311, -25, 0, 43.30127, 2, 2, 2, 25, 0, -43.30127, 1, 1, 1, False
1.519228, -25, 0, 43.30127, 2, 2, 2, 25, 0, -43.30127, 1, 1, 1, False
1.522603, -25, 0, 43.30127, 2, 2, 2, 25, 0, -43.30127, 1, 1, 1, False
1.525006, -25, 0, 43.30127, 2, 2, 2, 25, 0, -43.30127, 1, 1, 1, False
1.529838, -25, 0, 43.30127, 2, 2, 2, 25, 0, -43.30127, 1, 1, 1, False
1.534564, -25, 0, 43.30127, 2, 2, 2, 25, 0, -43.30127, 1, 1, 1, False
1.537781, -25, 0, 43.30127, 2, 2, 2, 25, 0, -43.30127, 1, 1, 1, False
1.541506, -25, 0, 43.30127, 2, 2, 2, 25, 0, -43.30127, 1, 1, 1, False
1.546735, -25, 0, 43.30127, 2, 2, 2, 25, 0, -43.30127, 1, 1, 1, False
1.555224, -25, 0, 43.30127, 2, 2, 2, 25, 0, -43.30127, 1, 1, 1, False
1.55821, -25, 0, 43.30127, 2, 2, 2, 25, 0, -43.30127, 1, 1, 1, False
1.56041, -25, 0, 43.30127, 2, 2, 2, 25, 0, -43.30127, 1, 1, 1, False
1.565208, -25, 0, 43.30127, 2, 2, 2, 25, 0, -43.30127, 1, 1, 1, False
1.567885, -25, 0, 43.30127, 2, 2, 2, 25, 0, -43.30127, 1, 1, 1, False
1.572234, -25, 0, 43.30127, 2, 2, 2, 25, 0, -43.30127, 1, 1, 1, False
1.57532, -25, 0, 43.30127, 2, 2, 2, 25, 0, -43.30127, 1, 1, 1, False
1.579108, -25, 0, 43.30127, 2, 2, 2, 25, 0, -43.30127, 1, 1, 1, False
1.585815, -25, 0, 43.30127, 2, 2, 2, 25, 0, -43.30127, 1, 1, 1, False
1.587639, -25, 0, 43.30127, 2, 2, 2, 25, 0, -43.30127, 1, 1, 1, False
1.589679, -25, 0, 43.30127, 2, 2, 2, 25, 0, -43.30127, 1, 1, 1, False
1.595227, -25, 0, 43.30127, 2, 2, 2, 25, 0, -43.30127, 1, 1, 1, False
1.600358, -25, 0, 43.30127, 2, 2, 2, 25, 0, -43.30127, 1, 1, 1, False
1.605184, -25, 0, 43.30127, 2, 2, 2, 25, 0, -43.30127, 1, 1, 1, False
1.608825, -25, 0, 43.30127, 2, 2, 2, 25, 0, -43.30127, 1, 1, 1, False
1.610619, -25, 0, 43.30127, 2, 2, 2, 25, 0, -43.30127, 1, 1, 1, False
1.618922, -25, 0, 43.30127, 2, 2, 2, 25, 0, -43.30127, 1, 1, 1, False
1.622044, -25, 0, 43.30127, 2, 2, 2, 25, 0, -43.30127, 1, 1, 1, False
1.624438, -25, 0, 43.30127, 2, 2, 2, 25, 0, -43.30127, 1, 1, 1, False
1.627889, -25, 0, 43.30127, 2, 2, 2, 25, 0, -43.30127, 1, 1, 1, False
1.635863, -25, 0, 43.30127, 2, 2, 2, 25, 0, -43.30127, 1, 1, 1, False
1.638325, -25, 0, 43.30127, 2, 2, 2, 25, 0, -43.30127, 1, 1, 1, False
1.64011, -25, 0, 43.30127, 2, 2, 2, 25, 0, -43.30127, 1, 1, 1, False
1.64292, -25, 0, 43.30127, 2, 2, 2, 25, 0, -43.30127, 1, 1, 1, False
1.649384, -25, 0, 43.30127, 2, 2, 2, 25, 0, -43.30127, 1, 1, 1, False
1.654774, -25, 0, 43.30127, 2, 2, 2, 25, 0, -43.30127, 1, 1, 1, False
1.657611, -25, 0, 43.30127, 2, 2, 2, 25, 0, -43.30127, 1, 1, 1, False
1.660424, -25, 0, 43.30127, 2, 2, 2, 25, 0, -43.30127, 1, 1, 1, False
1.667717, -25, 0, 43.30127, 2, 2, 2, 25, 0, -43.30127, 1, 1, 1, False
1.67191, -25, 0, 43.30127, 2, 2, 2, 25, 0, -43.30127, 1, 1, 1, False
1.674205, -25, 0, 43.30127, 2, 2, 2, 25, 0, -43.30127, 1, 1, 1, False
1.677263, -25, 0, 43.30127, 2, 2, 2, 25, 0, -43.30127, 1, 1, 1, False
1.68243, -25, 0, 43.30127, 2, 2, 2, 25, 0, -43.30127, 1, 1, 1, False
1.684615, -25, 0, 43.30127, 2, 2, 2, 25, 0, -43.30127, 1, 1, 1, False
1.689109, -25, 0, 43.30127, 2, 2, 2, 25, 0, -43.30127, 1, 1, 1, False
1.692703, -25, 0, 43.30127, 2, 2, 2, 25, 0, -43.30127, 1, 1, 1, False
1.697367, -25, 0, 43.30127, 2, 2, 2, 25, 0, -43.30127, 1, 1, 1, False
1.702709, -25, 0, 43.30127, 2, 2, 2, 25, 0, -43.30127, 1, 1, 1, False
1.706723, -25, 0, 43.30127, 2, 2, 2, 25, 0, -43.30127, 1, 1, 1, False
1.710311, -25, 0, 43.30127, 2, 2, 2, 25, 0, -43.30127, 1, 1, 1, False
1.715194, -25, 0, 43.30127, 2, 2, 2, 25, 0, -43.30127, 1, 1, 1, False
1.720813, -25, 0, 43.30127, 2, 2, 2, 25, 0, -43.30127, 1, 1, 1, False
1.72331, -25, 0, 43.30127, 2, 2, 2, 25, 0, -43.30127, 1, 1, 1, False
1.725688, -25, 0, 43.30127, 2, 2, 2, 25, 0, -43.30127, 1, 1, 1, False
1.732854, -25, 0, 43.30127, 2, 2, 2, 25, 0, -43.30127, 1, 1, 1, False
1.736814, -25, 0, 43.30127, 2, 2, 2, 25, 0, -43.30127, 1, 1, 1, False
1.738697, -25, 0, 43.30127, 2, 2, 2, 25, 0, -43.30127, 1, 1, 1, False
1.742119, -25, 0, 43.30127, 2, 2, 2, 25, 0, -43.30127, 1, 1, 1, False
1.74863, -25, 0, 43.30127, 2, 2, 2, 25, 0, -43.30127, 1, 1, 1, False
1.751398, -25, 0, 43.30127, 2, 2, 2, 25, 0, -43.30127, 1, 1, 1, False
1.755919, -25, 0, 43.30127, 2, 2, 2, 25, 0, -43.30127, 1, 1, 1, False
1.759225, -25, 0, 43.30127, 2, 2, 2, 25, 0, -43.30127, 1, 1, 1, False
1.764142, -25, 0, 43.30127, 2, 2, 2, 25, 0, -43.30127, 1, 1, 1, False
1.769422, -25, 0, 43.30127, 2, 2, 2, 25, 0, -43.30127, 1, 1, 1, False
1.772704, -25, 0, 43.30127, 2, 2, 2, 25, 0, -43.30127, 1, 1, 1, False
1.776195, -25, 0, 43.30127, 2, 2, 2, 25, 0, -43.30127, 1, 1, 1, False
1.780005, -25, 0, 43.30127, 2, 2, 2, 25, 0, -43.30127, 1, 1, 1, False
1.784506, -25, 0, 43.30127, 2, 2, 2, 25, 0, -43.30127, 1, 1, 1, False
1.787864, -25, 0, 43.30127, 2, 2, 2, 25, 0, -43.30127, 1, 1, 1, False
1.790957, -25, 0, 43.30127, 2, 2, 2, 25, 0, -43.30127, 1, 1, 1, False
1.796396, -25, 0, 43.30127, 2, 2, 2, 25, 0, -43.30127, 1, 1, 1, False
1.804615, -25, 0, 43.30127, 2, 2, 2, 25, 0, -43.30127, 1, 1, 1, False
1.806834, -25, 0, 43.30127, 2, 2, 2, 25, 0, -43.30127, 1, 1, 1, False
1.809608, -25, 0, 43.30127, 2, 2, 2, 25, 0, -43.30127, 1, 1, 1, False
1.814913, -25, 0, 43.30127, 2, 2, 2, 25, 0, -43.30127, 1, 1, 1, False
1.820593, -25, 0, 43.30127, 2, 2, 2, 25, 0, -43.30127, 1, 1, 1, False
1.822519, -25, 0, 43.30127, 2, 2, 2, 25, 0, -43.30127, 1, 1, 1, False
1.825103, -25, 0, 43.30127, 2, 2, 2, 25, 0, -43.30127, 1, 1, 1, False
1.831133, -25, 0, 43.30127, 2, 2, 2, 25, 0, -43.30127, 1, 1, 1, False
1.835695, -25, 0, 43.30127, 2, 2, 2, 25, 0, -43.30127, 1, 1, 1, False
1.837259, -25, 0, 43.30127, 2, 2, 2, 25, 0, -43.30127, 1, 1, 1, False
1.839041, -25, 0, 43.30127, 2, 2, 2, 25, 0, -43.30127, 1, 1, 1, False
1.845157, -25, 0, 43.30127, 2, 2, 2, 25, 0, -43.30127, 1, 1, 1, False
1.85023, -25, 0, 43.30127, 2, 2, 2, 25, 0, -43.30127, 1, 1, 1, False
1.85467, -25, 0, 43.30127, 2, 2, 2, 25, 0, -43.30127, 1, 1, 1, False
1.858323, -25, 0, 43.30127, 2, 2, 2, 25, 0, -43.30127, 1, 1, 1, False
1.86, -25, 0, 43.30127, 2, 2, 2, 25, 0, -43.30127, 1, 1, 1, False
1.867914, -25, 0, 43.30127, 2, 2, 2, 25, 0, -43.30127, 1, 1, 1, False
1.871411, -25, 0, 43.30127, 2, 2, 2, 25, 0, -43.30127, 1, 1, 1, False
1.873896, -25, 0, 43.30127, 2, 2, 2, 25, 0, -43.30127, 1, 1, 1, False
1.877134, -25, 0, 43.30127, 2, 2, 2, 25, 0, -43.30127, 1, 1, 1, False
1.882328, -25, 0, 43.30127, 2, 2, 2, 25, 0, -43.30127, 1, 1, 1, False
1.884605, -25, 0, 43.30127, 2, 2, 2, 25, 0, -43.30127, 1, 1, 1, False
1.888347, -25, 0, 43.30127, 2, 2, 2, 25, 0, -43.30127, 1, 1, 1, False
1.892204, -25, 0, 43.30127, 2, 2, 2, 25, 0, -43.30127, 1, 1, 1, False
1.897314, -25, 0, 43.30127, 2, 2, 2, 25, 0, -43.30127, 1, 1, 1, False
1.902632, -25, 0, 43.30127, 2, 2, 2, 25, 0, -43.30127, 1, 1, 1, False
1.906417, -25, 0, 43.30127, 2, 2, 2, 25, 0, -43.30127, 1, 1, 1, False
1.910212, -25, 0, 43.30127, 2, 2, 2, 25, 0, -43.30127, 1, 1, 1, False
1.915104, -25, 0, 43.30127, 2, 2, 2, 25, 0, -43.30127, 1, 1, 1, False
1.920821, -25, 0, 43.30127, 2, 2, 2, 25, 0, -43.30127, 1, 1, 1, False
1.923089, -25, 0, 43.30127, 2, 2, 2, 25, 0, -43.30127, 1, 1, 1, False
1.925691, -25, 0, 43.30127, 2, 2, 2, 25, 0, -43.30127, 1, 1, 1, False
1.932933, -25, 0, 43.30127, 2, 2, 2, 25, 0, -43.30127, 1, 1, 1, False
1.936817, -25, 0, 43.30127, 2, 2, 2, 25, 0, -43.30127, 1, 1, 1, False
1.938703, -25, 0, 43.30127, 2, 2, 2, 25, 0, -43.30127, 1, 1, 1, False
1.941686, -25, 0, 43.30127, 2, 2, 2, 25, 0, -43.30127, 1, 1, 1, False
1.948505, -25, 0, 43.30127, 2, 2, 2, 25, 0, -43.30127, 1, 1, 1, False
1.951567, -25, 0, 43.30127, 2, 2, 2, 25, 0, -43.30127, 1, 1, 1, False
1.956013, -25, 0, 43.30127, 2, 2, 2, 25, 0, -43.30127, 1, 1, 1, False
1.959308, -25, 0, 43.30127, 2, 2, 2, 25, 0, -43.30127, 1, 1, 1, False
1.964226, -25, 0, 43.30127, 2, 2, 2, 25, 0, -43.30127, 1, 1, 1, False
1.970541, -25, 0, 43.30127, 2, 2, 2, 25, 0, -43.30127, 1, 1, 1, False
1.972904, -25, 0, 43.30127, 2, 2, 2, 25, 0, -43.30127, 1, 1, 1, False
1.975905, -25, 0, 43.30127, 2, 2, 2, 25, 0, -43.30127, 1, 1, 1, False
1.980904, -25, 0, 43.30127, 2, 2, 2, 25, 0, -43.30127, 1, 1, 1, False
1.98462, -25, 0, 43.30127, 2, 2, 2, 25, 0, -43.30127, 1, 1, 1, False
1.98752, -25, 0, 43.30127, 2, 2, 2, 25, 0, -43.30127, 1, 1, 1, False
1.9907, -25, 0, 43.30127, 2, 2, 2, 25, 0, -43.30127, 1, 1, 1, False
1.995721, -25, 0, 43.30127, 2, 2, 2, 25, 0, -43.30127, 1, 1, 1, False
2.003793, -25, 0, 43.30127, 2, 2, 2, 25, 0, -43.30127, 1, 1, 1, False
2.006974, -25, 0, 43.30127, 2, 2, 2, 25, 0, -43.30127, 1, 1, 1, False
2.009414, -25, 0, 43.30127, 2, 2, 2, 25, 0, -43.30127, 1, 1, 1, False
2.014911, -25, 0, 43.30127, 2, 2, 2, 25, 0, -43.30127, 1, 1, 1, False
2.020416, -25, 0, 43.30127, 2, 2, 2, 25, 0, -43.30127, 1, 1, 1, False
2.022405, -25, 0, 43.30127, 2, 2, 2, 25, 0, -43.30127, 1, 1, 1, False
2.024994, -25, 0, 43.30127, 2, 2, 2, 25, 0, -43.30127, 1, 1, 1, False
2.030975, -25, 0, 43.30127, 2, 2, 2, 25, 0, -43.30127, 1, 1, 1, False
2.035703, -25, 0, 43.30127, 2, 2, 2, 25, 0, -43.30127, 1, 1, 1, False
2.037149, -25, 0, 43.30127, 2, 2, 2, 25, 0, -43.30127, 1, 1, 1, False
2.039136, -25, 0, 43.30127, 2, 2, 2, 25, 0, -43.30127, 1, 1, 1, False
2.044738, -25, 0, 43.30127, 2, 2, 2, 25, 0, -43.30127, 1, 1, 1, False
2.049627, -25, 0, 43.30127, 2, 2, 2, 25, 0, -43.30127, 1, 1, 1, False
2.052841, -25, 0, 43.30127, 2, 2, 2, 25, 0, -43.30127, 1, 1, 1, False
2.057731, -25, 0, 43.30127, 2, 2, 2, 25, 0, -43.30127, 1, 1, 1, False
2.060019, -25, 0, 43.30127, 2, 2, 2, 25, 0, -43.30127, 1, 1, 1, False
2.077479, -25, 0, 43.30127, 2, 2, 2, 25, 0, -4